Player,S/C,Pos,DOB,Birth City,S/P,Ctry,Ntnlty,Ht,Wt,Draft Yr,Round,Overall,1st Season,HOF,GP,G,A,P
Glenn Anderson,L,R,1960-10-02,Vancouver,BC,CAN,CAN,73,190,1979,4,69,19801981,Y,"1,129",498,601,"1,099"
George Armstrong,R,R,1930-07-06,Skead,ON,CAN,CAN,73,184,--,--,--,19491950,Y,59,7,18,25
Dave Andreychuk,R,L,1963-09-29,Hamilton,ON,CAN,CAN,76,225,1982,1,16,19821983,Y,"1,639",640,698,"1,338"
Andy Bathgate,R,R,1932-08-28,Winnipeg,MB,CAN,CAN,72,180,--,--,--,19521953,Y,76,15,29,44
Johnny Bucyk,L,L,1935-05-12,Edmonton,AB,CAN,CAN,72,215,--,--,--,19551956,Y,567,244,348,592
Bill Barber,L,L,1952-07-11,Callander,ON,CAN,CAN,72,195,1972,1,7,19721973,Y,903,420,463,883
Jean Beliveau,L,C,1931-08-31,Trois-Rivières,QC,CAN,CAN,75,205,--,--,--,19501951,Y,70,25,51,76
Rob Blake,R,D,1969-12-10,Simcoe,ON,CAN,CAN,76,220,1988,4,70,19891990,Y,"1,270",240,537,777
Mike Bossy,R,R,1957-01-22,Montréal,QC,CAN,CAN,72,186,1977,1,15,19771978,Y,752,573,553,"1,126"
Ray Bourque,L,D,1960-12-28,Montréal,QC,CAN,CAN,72,223,1979,1,8,19791980,Y,"1,612",410,"1,169","1,579"
Alex Delvecchio,L,C,1931-12-04,Fort William,ON,CAN,CAN,72,195,--,--,--,19501951,Y,240,60,136,196
Dick Duff,L,L,1936-02-18,Kirkland Lake,ON,CAN,CAN,69,166,--,--,--,19541955,Y,68,10,15,25
Guy Carbonneau,R,C,1960-03-18,Sept-Iles,QC,CAN,CAN,71,186,1979,3,44,19801981,Y,"1,318",260,403,663
Chris Chelios,R,D,1962-01-25,Chicago,IL,USA,USA,72,191,1981,2,40,19831984,Y,"1,651",185,763,948
Dino Ciccarelli,R,R,1960-02-08,Sarnia,ON,CAN,CAN,70,185,--,--,--,19801981,Y,"1,232",608,592,"1,200"
Bobby Clarke,L,C,1949-08-13,Flin Flon,MB,CAN,CAN,70,185,1969,2,17,19691970,Y,"1,068",343,821,"1,164"
Paul Coffey,L,D,1961-06-01,Weston,ON,CAN,CAN,72,205,1980,1,6,19801981,Y,"1,409",396,"1,135","1,531"
Yvan Cournoyer,L,R,1943-11-22,Drummondville,QC,CAN,CAN,67,178,--,--,--,19631964,Y,562,276,287,563
Marcel Dionne,R,C,1951-08-03,Drummondville,QC,CAN,CAN,69,190,1971,1,2,19711972,Y,"1,348",731,"1,040","1,771"
Phil Esposito,L,C,1942-02-20,Sault Ste. Marie,ON,CAN,CAN,73,205,--,--,--,19631964,Y,823,516,591,"1,107"
Sergei Fedorov,L,C,1969-12-13,Pskov,--,RUS,RUS,74,207,1989,4,74,19901991,Y,"1,248",483,696,"1,179"
Viacheslav Fetisov,L,D,1958-04-20,Moscow,--,RUS,RUS,73,215,1983,8,145,19891990,Y,546,36,192,228
Bernie Federko,L,C,1956-05-12,Foam Lake,SK,CAN,CAN,72,178,1976,1,7,19761977,Y,"1,000",369,761,"1,130"
Tim Horton,R,D,1930-01-12,Cochrane,ON,CAN,CAN,70,180,--,--,--,19491950,Y,246,5,49,54
Harry Howell,L,D,1932-12-28,Hamilton,ON,CAN,CAN,73,195,--,--,--,19521953,Y,196,8,45,53
Ron Francis,L,C,1963-03-01,Sault Ste. Marie,ON,CAN,CAN,75,200,1981,1,4,19811982,Y,"1,731",549,"1,249","1,798"
Bob Gainey,L,L,1953-12-13,Peterborough,ON,CAN,CAN,74,200,1973,1,8,19731974,Y,"1,160",239,262,501
Mike Gartner,R,R,1959-10-29,Ottawa,ON,CAN,CAN,72,190,1979,1,4,19791980,Y,"1,432",708,627,"1,335"
Rod Gilbert,R,R,1941-07-01,Montréal,QC,CAN,CAN,69,180,--,--,--,19601961,Y,544,235,351,586
Clark Gillies,L,L,1954-04-07,Moose Jaw,SK,CAN,CAN,75,215,1974,1,4,19741975,Y,958,319,378,697
Doug Gilmour,L,C,1963-06-25,Kingston,ON,CAN,CAN,71,177,1982,7,134,19831984,Y,"1,474",450,964,"1,414"
Michel Goulet,L,L,1960-04-21,Péribonka,QC,CAN,CAN,73,195,1979,1,20,19791980,Y,"1,089",548,605,"1,153"
Jacques Laperriere,L,D,1941-11-22,Rouyn,QC,CAN,CAN,74,180,--,--,--,19621963,Y,222,12,67,79
Wayne Gretzky,L,C,1961-01-26,Brantford,ON,CAN,CAN,72,185,--,--,--,19791980,Y,"1,487",894,"1,963","2,857"
Dale Hawerchuk,L,C,1963-04-04,Toronto,ON,CAN,CAN,71,196,1981,1,1,19811982,Y,"1,188",518,891,"1,409"
Phil Housley,L,D,1964-03-09,St. Paul,MN,USA,USA,70,185,1982,1,6,19821983,Y,"1,495",338,894,"1,232"
Gordie Howe,R,R,1928-03-31,Floral,SK,CAN,CAN,72,205,--,--,--,19461947,Y,143,38,55,93
Mark Howe,L,D,1955-05-28,Detroit,MI,USA,USA,71,185,1974,2,25,19791980,Y,929,197,545,742
Brett Hull,R,R,1964-08-09,Belleville,ON,CAN,USA,71,205,1984,6,117,19861987,Y,"1,269",741,650,"1,391"
Bobby Hull,L,L,1939-01-03,Point Anne,ON,CAN,CAN,70,195,--,--,--,19571958,Y,183,100,106,206
Bob Pulford,L,L,1936-03-31,Newton Robinson,ON,CAN,CAN,71,188,--,--,--,19561957,Y,132,30,50,80
Henri Richard,R,C,1936-02-29,Montréal,QC,CAN,CAN,67,160,--,--,--,19551956,Y,315,54,150,204
Dave Keon,L,C,1940-03-22,Noranda,QC,CAN,CAN,69,165,--,--,--,19601961,Y,610,165,272,437
Jari Kurri,R,R,1960-05-18,Helsinki,--,FIN,FIN,73,195,1980,4,69,19801981,Y,"1,251",601,797,"1,398"
Guy Lafleur,R,R,1951-09-20,Thurso,QC,CAN,CAN,72,185,1971,1,1,19711972,Y,"1,126",560,793,"1,353"
Pat LaFontaine,R,C,1965-02-22,St. Louis,MO,USA,USA,70,182,1983,1,3,19831984,Y,865,468,545,"1,013"
Rod Langway,L,D,1957-05-03,Maaq,--,TWN,USA,75,218,1977,2,36,19781979,Y,994,51,278,329
Igor Larionov,L,C,1960-12-03,Voskresensk,--,RUS,RUS,71,170,1985,11,214,19891990,Y,921,169,475,644
Guy Lapointe,L,D,1948-03-18,Montréal,QC,CAN,CAN,72,205,--,--,--,19681969,Y,878,171,451,622
Jacques Lemaire,L,C,1945-09-07,LaSalle,QC,CAN,CAN,70,176,--,--,--,19671968,Y,640,283,387,670
Brian Leetch,L,D,1968-03-03,Corpus Christi,TX,USA,USA,72,190,1986,1,9,19871988,Y,"1,205",247,781,"1,028"
Mario Lemieux,R,C,1965-10-05,Montréal,QC,CAN,CAN,76,230,1984,1,1,19841985,Y,915,690,"1,033","1,723"
Kevin Lowe,L,D,1959-04-15,Lachute,QC,CAN,CAN,74,200,1979,1,21,19791980,Y,"1,254",84,347,431
Al MacInnis,R,D,1963-07-11,Inverness,NS,CAN,CAN,73,204,1981,1,15,19811982,Y,"1,416",340,934,"1,274"
Frank Mahovlich,L,L,1938-01-10,Timmins,ON,CAN,CAN,72,205,--,--,--,19561957,Y,298,143,199,342
Sergei Makarov,L,R,1958-06-19,Chelyabinsk,--,RUS,RUS,71,195,1983,12,231,19891990,Y,424,134,250,384
Norm Ullman,L,C,1935-12-26,Provost,AB,CAN,CAN,70,175,--,--,--,19551956,Y,373,108,209,317
Lanny McDonald,R,R,1953-02-16,Hanna,AB,CAN,CAN,72,185,1973,1,4,19731974,Y,"1,111",500,506,"1,006"
Mark Messier,L,C,1961-01-18,Edmonton,AB,CAN,CAN,74,211,1979,3,48,19791980,Y,"1,756",694,"1,193","1,887"
Stan Mikita,R,C,1940-05-20,Sokolce,--,SVK,SVK,69,169,--,--,--,19581959,Y,623,217,396,613
Mike Modano,L,C,1970-06-07,Livonia,MI,USA,USA,75,212,1988,1,1,19891990,Y,"1,499",561,813,"1,374"
Joe Mullen,R,R,1957-02-26,New York City,NY,USA,USA,69,180,--,--,--,19811982,Y,"1,062",502,561,"1,063"
Larry Murphy,R,D,1961-03-08,Scarborough,ON,CAN,CAN,73,215,1980,1,4,19801981,Y,"1,615",288,929,"1,217"
Vaclav Nedomansky,L,C,1944-03-14,Hodonin,--,CZE,CZE,74,205,--,--,--,19771978,Y,421,122,156,278
Cam Neely,R,R,1965-06-06,Comox,BC,CAN,CAN,73,218,1983,1,9,19831984,Y,726,395,299,694
Joe Nieuwendyk,L,C,1966-09-10,Oshawa,ON,CAN,CAN,74,209,1985,2,27,19861987,Y,"1,257",564,562,"1,126"
Adam Oates,R,C,1962-08-27,Weston,ON,CAN,CAN,71,190,--,--,--,19851986,Y,"1,337",341,"1,079","1,420"
Bobby Orr,L,D,1948-03-20,Parry Sound,ON,CAN,CAN,72,198,--,--,--,19661967,Y,407,192,467,659
Brad Park,L,D,1948-07-06,Toronto,ON,CAN,CAN,72,200,1966,1,2,19681969,Y,999,199,634,833
Gilbert Perreault,L,C,1950-11-13,Victoriaville,QC,CAN,CAN,73,180,1970,1,1,19701971,Y,"1,191",512,814,"1,326"
Denis Potvin,L,D,1953-10-29,Ottawa,ON,CAN,CAN,72,205,1973,1,1,19731974,Y,"1,060",310,742,"1,052"
Jean Ratelle,L,C,1940-10-03,Lac St. Jean,QC,CAN,CAN,73,175,--,--,--,19601961,Y,798,337,561,898
Mark Recchi,L,R,1968-02-01,Kamloops,BC,CAN,CAN,70,195,1988,4,67,19881989,Y,"1,652",577,956,"1,533"
Larry Robinson,L,D,1951-06-02,Winchester,ON,CAN,CAN,76,225,1971,2,20,19721973,Y,"1,384",208,750,958
Luc Robitaille,L,L,1966-02-17,Montréal,QC,CAN,CAN,73,215,1984,9,171,19861987,Y,"1,431",668,726,"1,394"
Joe Sakic,L,C,1969-07-07,Burnaby,BC,CAN,CAN,71,195,1987,1,15,19881989,Y,"1,378",625,"1,016","1,641"
Borje Salming,L,D,1951-04-17,Kiruna,--,SWE,SWE,73,193,--,--,--,19731974,Y,"1,148",150,637,787
Denis Savard,R,C,1961-02-04,Pointe Gatineau,QC,CAN,CAN,70,175,1980,1,3,19801981,Y,"1,196",473,865,"1,338"
Serge Savard,L,D,1946-01-22,Montréal,QC,CAN,CAN,75,210,--,--,--,19661967,Y,833,84,278,362
Brendan Shanahan,R,L,1969-01-23,Mimico,ON,CAN,CAN,75,220,1987,1,2,19871988,Y,"1,524",656,698,"1,354"
Steve Shutt,L,L,1952-07-01,Toronto,ON,CAN,CAN,70,180,1972,1,4,19721973,Y,930,424,393,817
Darryl Sittler,L,C,1950-09-18,Kitchener,ON,CAN,CAN,72,190,1970,1,8,19701971,Y,"1,096",484,637,"1,121"
Peter Stastny,L,C,1956-09-18,Bratislava,--,SVK,SVK,73,200,--,--,--,19801981,Y,977,450,789,"1,239"
Scott Stevens,L,D,1964-04-01,Kitchener,ON,CAN,CAN,74,215,1982,1,5,19821983,Y,"1,635",196,712,908
Mats Sundin,R,C,1971-02-13,Bromma,--,SWE,SWE,77,231,1989,1,1,19901991,Y,"1,346",564,785,"1,349"
Bryan Trottier,L,C,1956-07-17,Val Marie,SK,CAN,CAN,71,195,1974,2,22,19751976,Y,"1,279",524,901,"1,425"
Doug Wilson,L,D,1957-07-05,Ottawa,ON,CAN,CAN,73,187,1977,1,6,19771978,Y,"1,024",237,590,827
Steve Yzerman,R,C,1965-05-09,Cranbrook,BC,CAN,CAN,70,187,1983,1,4,19831984,Y,"1,514",692,"1,063","1,755"
Pavel Bure,L,R,1971-03-31,Moscow,--,RUS,RUS,71,191,1989,6,113,19911992,Y,702,437,342,779
Nicklas Lidstrom,L,D,1970-04-28,Vasteras,--,SWE,SWE,73,192,1989,3,53,19911992,Y,"1,564",264,878,"1,142"
Teemu Selanne,R,R,1970-07-03,Helsinki,--,FIN,FIN,72,209,1988,1,10,19921993,Y,"1,451",684,773,"1,457"
Sergei Zubov,R,D,1970-07-22,Moscow,--,RUS,RUS,73,198,1990,5,85,19921993,Y,"1,068",152,619,771
Eric Lindros,R,C,1973-02-28,London,ON,CAN,CAN,76,240,1991,1,1,19921993,Y,760,372,493,865
Scott Niedermayer,L,D,1973-08-31,Edmonton,AB,CAN,CAN,73,194,1991,1,3,19911992,Y,"1,263",172,568,740
Peter Forsberg,L,C,1973-07-20,Ornskoldsvik,--,SWE,SWE,72,205,1991,1,6,19941995,Y,708,249,636,885
Chris Pronger,L,D,1974-10-10,Dryden,ON,CAN,CAN,78,220,1993,1,2,19931994,Y,"1,167",157,541,698
Paul Kariya,L,L,1974-10-16,Vancouver,BC,CAN,CAN,70,185,1993,1,4,19941995,Y,989,402,587,989
Daniel Alfredsson,R,R,1972-12-11,Gothenburg,--,SWE,SWE,71,203,1994,6,133,19951996,Y,"1,246",444,713,"1,157"
Jarome Iginla,R,R,1977-07-01,Edmonton,AB,CAN,CAN,73,210,1995,1,11,19961997,Y,"1,554",625,675,"1,300"
Marian Hossa,L,R,1979-01-12,Stará Lubovna,--,SVK,SVK,73,207,1997,1,12,19971998,Y,"1,309",525,609,"1,134"
Martin St. Louis,L,R,1975-06-18,Laval,QC,CAN,CAN,68,180,--,--,--,19981999,Y,"1,134",391,642,"1,033"
Daniel Sedin,L,L,1980-09-26,Ornskoldsvik,--,SWE,SWE,73,190,1999,1,2,20002001,Y,"1,306",393,648,"1,041"
Henrik Sedin,L,C,1980-09-26,Ornskoldsvik,--,SWE,SWE,74,183,1999,1,3,20002001,Y,"1,330",240,830,"1,070"
Chris Ahrens,R,D,1952-07-31,San Bernardino,CA,USA,USA,72,185,1972,5,76,19731974,N,52,0,3,3
Claire Alexander,R,D,1945-06-16,Collingwood,ON,CAN,CAN,73,175,--,--,--,19741975,N,155,18,47,65
Jeff Allan,L,D,1957-05-17,Hull,QC,CAN,CAN,73,194,1977,6,95,19771978,N,4,0,0,0
Earl Anderson,R,R,1951-02-24,Roseau,MN,USA,USA,73,185,1971,5,58,19741975,N,109,19,19,38
Dennis Abgrall,R,R,1953-04-24,Tisdale,SK,CAN,CAN,73,180,1973,5,70,19751976,N,13,0,2,2
Thommy Abrahamsson,L,D,1947-04-12,Umea,--,SWE,SWE,74,185,--,--,--,19801981,N,32,6,11,17
Jim Agnew,L,D,1966-03-21,Deloraine,MB,CAN,CAN,73,190,1984,8,157,19861987,N,81,0,1,1
Greg Adams,L,L,1963-08-15,Nelson,BC,CAN,CAN,76,196,--,--,--,19841985,N,"1,056",355,388,743
Russ Adam,L,C,1961-05-05,Windsor,ON,CAN,CAN,70,185,1980,7,137,19821983,N,8,1,2,3
Keith Acton,L,C,1958-04-15,Stouffville,ON,CAN,CAN,68,170,1978,6,103,19791980,N,"1,023",226,358,584
Greg Adams,L,L,1960-05-31,Victoria,BC,CAN,CAN,72,200,--,--,--,19801981,N,544,84,143,227
Rick Adduono,L,C,1955-01-25,Thunder Bay,ON,CAN,CAN,71,182,1975,4,60,19751976,N,4,0,0,0
Bruce Affleck,L,D,1954-05-05,Salmon Arm,BC,CAN,CAN,72,190,1974,2,21,19741975,N,280,14,66,80
Fred Ahern,R,R,1952-02-12,Boston,MA,USA,USA,72,180,--,--,--,19741975,N,146,31,30,61
Steve Alley,L,L,1953-12-29,Anoka,MN,USA,USA,72,185,1973,9,141,19791980,N,15,3,3,6
Ray Allison,R,R,1959-03-04,Cranbrook,BC,CAN,CAN,70,195,1979,1,18,19791980,N,238,64,93,157
Mike Allison,R,R,1961-03-28,Fort Frances,ON,CAN,CAN,72,200,1980,2,35,19801981,N,499,102,166,268
Dave Allison,R,D,1959-04-14,Fort Frances,ON,CAN,CAN,73,200,--,--,--,19831984,N,3,0,0,0
Brad Aitken,L,L,1967-10-30,Scarborough,ON,CAN,CAN,74,200,1986,3,46,19871988,N,14,1,3,4
Tommy Albelin,L,D,1964-05-21,Stockholm,--,SWE,SWE,74,195,1983,8,152,19871988,N,952,44,211,255
Mike Amodeo,L,D,1952-06-22,Toronto,ON,CAN,CAN,70,190,1972,7,102,19791980,N,19,0,0,0
Murray Anderson,L,D,1949-08-28,The Pas,MB,CAN,CAN,70,175,1969,4,44,19741975,N,40,0,1,1
Ron Anderson,R,R,1945-07-29,Red Deer,AB,CAN,CAN,72,170,--,--,--,19671968,N,111,14,16,30
Ron Anderson,R,R,1950-01-21,Moncton,NB,CAN,CAN,70,165,--,--,--,19741975,N,28,9,7,16
Paul Andrea,L,R,1941-07-31,North Sydney,NS,CAN,CAN,70,174,--,--,--,19651966,N,56,12,21,33
Kent-Erik Andersson,R,R,1951-05-24,Orebro,--,SWE,SWE,74,185,--,--,--,19771978,N,456,72,103,175
John Anderson,L,R,1957-03-28,Toronto,ON,CAN,CAN,71,200,1977,1,11,19771978,N,814,282,349,631
Perry Anderson,L,L,1961-10-14,Barrie,ON,CAN,CAN,73,225,1980,6,117,19811982,N,400,50,59,109
Lou Angotti,R,C,1938-01-16,Toronto,ON,CAN,CAN,69,170,--,--,--,19641965,N,258,41,71,112
Al Arbour,L,D,1932-11-01,Sudbury,ON,CAN,CAN,72,180,--,--,--,19531954,N,22,0,2,2
Shawn Anderson,L,D,1968-02-07,Montréal,QC,CAN,CAN,73,200,1986,1,5,19861987,N,255,11,51,62
Russ Anderson,L,D,1955-02-12,Minneapolis,MN,USA,USA,75,210,1975,2,31,19761977,N,519,22,99,121
Peter Andersson,R,D,1962-03-02,Federtalve,--,SWE,SWE,74,200,1980,9,173,19831984,N,172,10,41,51
Mikael Andersson,L,R,1966-05-10,Malmö,--,SWE,SWE,71,181,1984,1,18,19851986,N,761,95,169,264
John Arbour,L,D,1945-09-28,Niagara Falls,ON,CAN,CAN,71,195,--,--,--,19651966,N,83,1,6,7
Michel Archambault,L,L,1950-09-27,St-Hyacinthe,QC,CAN,CAN,68,160,1970,2,28,19761977,N,3,0,0,0
Barry Ashbee,R,D,1939-07-28,Weston,ON,CAN,CAN,70,180,--,--,--,19651966,N,270,15,67,82
Steve Atkinson,R,R,1948-10-16,Toronto,ON,CAN,CAN,71,170,1966,1,6,19681969,N,301,60,51,111
Don Awrey,L,D,1943-07-18,Kitchener,ON,CAN,CAN,72,175,--,--,--,19631964,N,622,17,117,134
Mitch Babin,L,C,1954-11-01,Kapuskasing,ON,CAN,CAN,74,195,1974,11,180,19751976,N,8,0,0,0
Ralph Backstrom,L,C,1937-09-18,Kirkland Lake,ON,CAN,CAN,70,165,--,--,--,19561957,N,204,64,78,142
Garnet Bailey,L,L,1948-06-13,Lloydminster,SK,CAN,CAN,71,192,1966,3,13,19681969,N,502,93,157,250
Ron Andruff,R,C,1953-07-10,Port Alberni,BC,CAN,CAN,72,185,1973,2,32,19741975,N,153,19,36,55
Ken Baird,L,D,1951-02-01,Flin Flon,MB,CAN,CAN,72,190,1971,2,15,19711972,N,10,0,2,2
Terry Ball,R,D,1944-11-29,Selkirk,MB,CAN,CAN,69,160,--,--,--,19671968,N,12,0,1,1
Dave Balon,L,L,1938-08-02,Wakaw,SK,CAN,CAN,70,180,--,--,--,19591960,N,210,62,50,112
Darrel Anholt,L,D,1962-11-23,Hardisty,AB,CAN,CAN,75,195,1981,3,54,19831984,N,1,0,0,0
Mike Antonovich,L,C,1951-10-18,Calumet,MN,USA,USA,68,165,1971,12,113,19751976,N,87,10,15,25
Shawn Antoski,L,L,1970-03-25,Brantford,ON,CAN,CAN,76,235,1990,1,18,19901991,N,183,3,5,8
Bob Barlow,L,L,1935-06-17,Hamilton,ON,CAN,CAN,70,165,--,--,--,19691970,N,7,0,0,0
Syl Apps Jr.,R,C,1947-08-01,Toronto,ON,CAN,CAN,72,185,1964,4,21,19701971,N,727,183,423,606
Doug Barrie,R,D,1946-10-02,Edmonton,AB,CAN,CAN,69,175,--,--,--,19681969,N,150,9,41,50
Mike Baumgartner,L,D,1949-01-30,Roseau,MN,USA,USA,74,195,1969,5,60,19741975,N,17,0,0,0
Bob Baun,R,D,1936-09-09,Lanigan,SK,CAN,CAN,69,175,--,--,--,19561957,N,148,4,33,37
Norm Beaudin,R,R,1941-11-28,Montmartre,SK,CAN,CAN,68,165,--,--,--,19671968,N,12,0,1,1
Dave Archibald,L,C,1969-04-14,Chilliwack,BC,CAN,CAN,73,211,1987,1,6,19871988,N,323,57,67,124
Jim Archibald,R,R,1961-06-06,Craik,AB,CAN,CAN,71,175,1981,7,139,19841985,N,16,1,2,3
Harvey Bennett,L,C,1952-08-09,Cranston,RI,USA,USA,76,215,--,--,--,19741975,N,268,44,46,90
Ron Areshenkoff,L,C,1957-06-13,Grand Forks,BC,CAN,CAN,72,175,1977,2,32,19791980,N,4,0,0,0
Bill Armstrong,L,L,1966-06-25,London,ON,CAN,CAN,74,195,--,--,--,19901991,N,1,0,1,1
Red Berenson,L,C,1939-12-08,Regina,SK,CAN,CAN,72,185,--,--,--,19611962,N,604,155,253,408
Yves Bergeron,R,R,1952-01-11,Malartic,QC,CAN,CAN,69,165,1972,8,120,19741975,N,3,0,0,0
Gary Bergman,L,D,1938-10-07,Kenora,ON,CAN,CAN,71,188,--,--,--,19641965,N,430,30,171,201
Bob Berry,L,L,1943-11-29,Montréal,QC,CAN,CAN,72,185,--,--,--,19681969,N,539,159,191,350
Fred Berry,L,C,1956-03-26,Edmonton,AB,CAN,CAN,69,175,1976,3,40,19761977,N,3,0,0,0
Dwight Bialowas,R,D,1952-09-08,Regina,SK,CAN,CAN,72,185,1972,2,18,19731974,N,164,11,46,57
Larry Bignell,L,D,1950-01-07,Edmonton,AB,CAN,CAN,72,175,1970,3,35,19731974,N,20,0,3,3
Bob Blackburn,L,D,1938-02-01,Rouyn,QC,CAN,CAN,71,198,--,--,--,19681969,N,64,4,5,9
Don Blackburn,L,L,1938-05-14,Kirkland Lake,ON,CAN,CAN,72,190,--,--,--,19621963,N,61,7,10,17
Tim Armstrong,R,C,1967-05-12,Toronto,ON,CAN,CAN,71,170,1985,11,211,19881989,N,11,1,0,1
Scott Arniel,L,L,1962-09-17,Cornwall,ON,CAN,CAN,73,188,1981,2,22,19811982,N,730,149,189,338
Chuck Arnason,R,R,1951-07-15,Dauphin,MB,CAN,CAN,70,183,1971,1,7,19711972,N,401,109,90,199
Fred Arthur,L,D,1961-03-06,Toronto,ON,CAN,CAN,77,210,1980,1,8,19801981,N,80,1,8,9
Ken Block,L,D,1944-03-18,Steinbach,MB,CAN,CAN,70,191,--,--,--,19701971,N,1,0,0,0
Mike Bloom,L,L,1952-04-12,Ottawa,ON,CAN,CAN,75,206,1972,1,16,19741975,N,201,30,47,77
Don Ashby,L,C,1955-03-08,Kamloops,BC,CAN,CAN,73,185,1975,1,6,19751976,N,188,40,56,96
Gregg Boddy,L,D,1949-03-19,Ponoka,AB,CAN,CAN,74,200,1969,3,27,19711972,N,273,23,44,67
Mike Boland,R,R,1949-12-16,Montréal,QC,CAN,CAN,70,183,--,--,--,19741975,N,2,0,0,0
Larry Bolonchuk,L,D,1952-02-26,Winnipeg,MB,CAN,CAN,70,190,1972,5,67,19721973,N,74,3,9,12
Brent Ashton,L,L,1960-05-18,Saskatoon,SK,CAN,CAN,73,210,1979,2,26,19791980,N,998,284,345,629
Christian Bordeleau,L,C,1947-09-23,Noranda,QC,CAN,CAN,68,172,--,--,--,19681969,N,144,35,49,84
Cam Botting,R,R,1954-03-10,Kingston,ON,CAN,CAN,74,205,1974,4,64,19751976,N,2,0,1,1
Henry Boucha,R,C,1951-06-01,Warroad,MN,USA,USA,72,185,1971,2,16,19711972,N,247,53,49,102
Andre Boudrias,L,L,1943-09-19,Montréal,QC,CAN,CAN,68,165,--,--,--,19631964,N,458,121,267,388
Barry Boughner,L,L,1948-01-29,Delhi,ON,CAN,CAN,70,180,--,--,--,19691970,N,16,0,0,0
Kirk Bowman,L,L,1952-09-30,Leamington,ON,CAN,CAN,69,178,--,--,--,19761977,N,88,11,17,28
Wally Boyer,L,C,1937-09-27,Cowan,MB,CAN,CAN,68,165,--,--,--,19651966,N,69,11,31,42
Lyle Bradley,R,C,1943-07-31,Lloydminster,SK,CAN,CAN,69,160,--,--,--,19731974,N,6,1,0,1
Bob Attwell,R,R,1959-12-26,Spokane,WA,USA,USA,72,192,1979,6,106,19791980,N,22,1,5,6
Doug Brindley,L,L,1949-06-08,Walkerton,ON,CAN,CAN,73,175,1969,2,20,19701971,N,3,0,0,0
Norm Aubin,L,C,1960-07-26,St. Leonard,QC,CAN,CAN,72,185,1979,3,51,19811982,N,69,18,13,31
Pierre Aubry,L,C,1960-04-15,Cap-de-la-Madeleine,QC,CAN,CAN,70,170,--,--,--,19801981,N,201,24,26,50
Les Auge,L,D,1953-05-16,St. Paul,MN,USA,USA,73,190,--,--,--,19801981,N,6,0,3,3
Donald Audette,R,R,1969-09-23,Laval,QC,CAN,CAN,68,191,1989,9,183,19901991,N,735,260,249,509
Willie Brossart,L,D,1949-05-29,Allan,SK,CAN,CAN,72,190,1969,3,28,19701971,N,129,1,14,15
Arnie Brown,L,D,1942-01-28,Oshawa,ON,CAN,CAN,73,185,--,--,--,19611962,N,263,14,55,69
Jergus Baca,L,D,1965-04-01,Kosice,--,CZE,SVK,74,211,1990,7,141,19901991,N,10,0,2,2
Warren Babe,L,L,1968-09-07,Medicine Hat,AB,CAN,CAN,74,190,1986,1,12,19871988,N,21,2,5,7
Bob Babcock,L,D,1968-08-03,Agincourt,ON,CAN,CAN,73,222,1986,10,208,19901991,N,2,0,0,0
Jamie Baker,L,C,1966-08-31,Ottawa,ON,CAN,CAN,72,195,--,--,--,19901991,N,403,71,79,150
Jamie Baker,L,D,1968-03-22,Toronto,ON,CAN,CAN,--,--,--,--,--,19891990,N,1,0,0,0
John Baby,R,D,1957-05-18,Sudbury,ON,CAN,CAN,72,195,1977,4,59,19771978,N,26,2,8,10
Wayne Babych,R,R,1958-06-06,Edmonton,AB,CAN,CAN,71,191,1978,1,3,19781979,N,519,192,246,438
Dave Babych,L,D,1961-05-23,Edmonton,AB,CAN,CAN,73,225,1980,1,2,19801981,N,"1,195",142,581,723
Mike Backman,R,R,1955-01-02,Halifax,NS,CAN,CAN,70,175,--,--,--,19811982,N,18,1,6,7
Reid Bailey,L,D,1956-05-28,Toronto,ON,CAN,CAN,74,200,--,--,--,19801981,N,40,1,3,4
Bill Baker,L,D,1956-11-29,Grand Rapids,MI,USA,USA,73,195,1976,3,54,19801981,N,143,7,25,32
Joel Baillargeon,L,L,1964-10-06,Charlesbourg,QC,CAN,CAN,73,205,1983,6,109,19861987,N,20,0,2,2
Jeff Bandura,R,D,1957-02-04,White Rock,BC,CAN,CAN,73,195,1977,2,22,19801981,N,2,0,1,1
Peter Bakovic,R,R,1965-01-31,Thunder Bay,ON,CAN,CAN,74,200,--,--,--,19871988,N,10,2,0,2
Doug Buhr,L,L,1949-06-29,Vancouver,BC,CAN,CAN,75,215,--,--,--,19741975,N,6,0,2,2
Helmut Balderis,R,R,1952-07-31,Riga,--,LVA,LVA,71,190,1989,12,238,19891990,N,26,3,6,9
Bryon Baltimore,R,D,1952-08-26,Whitehorse,YT,CAN,CAN,74,190,--,--,--,19791980,N,2,0,0,0
Don Barber,L,L,1964-12-02,Victoria,BC,CAN,CAN,74,205,1983,6,120,19881989,N,115,25,32,57
Ralph Barahona,L,C,1965-11-16,Long Beach,CA,USA,USA,70,180,--,--,--,19901991,N,6,2,2,4
Glen Burdon,L,C,1954-08-04,Regina,SK,CAN,CAN,74,178,1974,2,20,19741975,N,11,0,2,2
Murray Baron,L,D,1967-06-01,Prince George,BC,CAN,CAN,75,236,1986,8,167,19891990,N,988,35,94,129
Normand Baron,L,L,1957-12-15,Verdun,QC,CAN,CAN,72,205,--,--,--,19831984,N,27,2,0,2
Blair Barnes,R,R,1960-09-21,Windsor,ON,CAN,CAN,71,190,1979,6,126,19821983,N,1,0,0,0
Norm Barnes,L,D,1953-08-24,Toronto,ON,CAN,CAN,72,190,1973,8,122,19761977,N,156,6,38,44
Dave Barr,R,R,1960-11-30,Toronto,ON,CAN,CAN,73,195,--,--,--,19811982,N,614,128,204,332
Fred Barrett,L,D,1950-01-26,Ottawa,ON,CAN,CAN,71,195,1970,2,20,19701971,N,745,25,123,148
John Barrett,L,D,1958-07-01,Ottawa,ON,CAN,CAN,73,210,1978,8,129,19801981,N,488,20,77,97
Robin Bartel,L,D,1961-05-16,Drake,SK,CAN,CAN,72,200,--,--,--,19851986,N,41,0,1,1
Bob Bassen,L,L,1965-05-06,Calgary,AB,CAN,CAN,70,190,--,--,--,19851986,N,765,88,144,232
Len Barrie,L,C,1969-06-04,Kimberley,BC,CAN,CAN,72,200,1988,6,124,19891990,N,184,19,45,64
Charlie Burns,L,C,1936-02-14,Detroit,MI,USA,USA,71,170,--,--,--,19581959,N,218,24,40,64
Robin Burns,L,L,1946-08-27,Montréal,QC,CAN,CAN,72,195,--,--,--,19701971,N,190,31,38,69
Frank Bathe,L,D,1954-09-27,Oshawa,ON,CAN,CAN,73,185,--,--,--,19741975,N,224,3,28,31
Mike Byers,R,R,1946-09-11,Toronto,ON,CAN,CAN,70,185,--,--,--,19671968,N,146,40,30,70
Terry Caffery,R,C,1949-04-01,Toronto,ON,CAN,CAN,69,165,1966,1,3,19691970,N,8,0,0,0
Larry Cahan,R,D,1933-12-25,Fort William,ON,CAN,CAN,74,222,--,--,--,19541955,N,67,3,11,14
Don Cairns,L,L,1955-10-08,Calgary,AB,CAN,CAN,73,195,1975,2,20,19751976,N,9,0,1,1
Craig Cameron,R,R,1945-07-19,Edmonton,AB,CAN,CAN,72,200,--,--,--,19661967,N,447,69,58,127
Bryan Campbell,L,C,1944-03-27,Sudbury,ON,CAN,CAN,72,173,--,--,--,19671968,N,153,22,50,72
Ken Baumgartner,L,L,1966-03-11,Flin Flon,MB,CAN,CAN,73,205,1985,12,245,19871988,N,696,13,41,54
Steve Cardwell,L,L,1950-08-13,Toronto,ON,CAN,CAN,71,190,1970,5,63,19701971,N,53,9,11,20
Wayne Carleton,L,L,1946-08-04,Sudbury,ON,CAN,CAN,75,212,--,--,--,19651966,N,145,39,38,77
Brian Carlin,L,L,1950-06-13,Calgary,AB,CAN,CAN,70,175,1970,7,86,19711972,N,5,1,0,1
Gene Carr,L,C,1951-09-17,Nanaimo,BC,CAN,CAN,71,185,1971,1,4,19711972,N,465,79,136,215
Robin Bawa,R,C,1966-06-23,Duncan,BC,CAN,CAN,74,214,--,--,--,19891990,N,61,6,1,7
Paul Baxter,R,D,1955-10-25,Winnipeg,MB,CAN,CAN,71,200,1975,3,49,19791980,N,472,48,121,169
Tom Cassidy,L,C,1952-03-15,Blind River,ON,CAN,CAN,71,180,1972,2,22,19771978,N,26,3,4,7
Sandy Beadle,L,L,1960-07-12,Regina,SK,CAN,CAN,74,185,1980,8,149,19801981,N,6,1,0,1
Frank Beaton,L,L,1953-04-28,Antigonish,NS,CAN,CAN,70,200,--,--,--,19781979,N,25,1,1,2
Rick Chinnick,L,R,1953-08-15,Chatham,ON,CAN,CAN,71,180,1973,3,41,19731974,N,4,0,2,2
Serge Beaudoin,L,D,1952-11-30,Montréal,QC,CAN,CAN,74,215,1972,7,103,19791980,N,3,0,0,0
Yves Beaudoin,R,D,1965-01-07,Pointe-aux-Trembles,QC,CAN,CAN,71,180,1983,10,195,19851986,N,11,0,0,0
Rick Bennett,L,L,1967-07-24,Springfield,MA,USA,USA,76,215,1986,3,54,19891990,N,15,1,1,2
Bob Beers,R,D,1967-05-20,Pittsburgh,PA,USA,USA,75,208,1985,10,210,19891990,N,258,28,79,107
Eddy Beers,L,L,1959-10-12,Zwaag,--,NLD,NLD,74,195,--,--,--,19811982,N,250,94,116,210
Barry Beck,L,D,1957-06-03,Vancouver,BC,CAN,CAN,75,216,1977,1,2,19771978,N,615,104,251,355
John Bednarski,L,D,1952-07-04,Thunder Bay,ON,CAN,CAN,70,195,--,--,--,19741975,N,100,2,18,20
Curt Bennett,L,R,1948-03-27,Regina,SK,CAN,CAN,75,195,1968,2,16,19701971,N,580,152,182,334
Alain Belanger,R,R,1956-01-18,St. Janvier,QC,CAN,CAN,73,190,1976,3,48,19771978,N,9,0,1,1
Roger Belanger,R,C,1965-12-01,St. Catharines,ON,CAN,CAN,72,190,1984,1,16,19841985,N,44,3,5,8
Drake Berehowsky,R,D,1972-01-03,Toronto,ON,CAN,CAN,74,217,1990,1,10,19901991,N,549,37,112,149
Bill Bennett,L,L,1953-05-31,Warwick,RI,USA,USA,77,235,--,--,--,19781979,N,31,4,7,11
Neil Belland,L,D,1961-04-03,Parry Sound,ON,CAN,CAN,71,180,--,--,--,19811982,N,109,13,32,45
Jim Benning,L,D,1963-04-29,Edmonton,AB,CAN,CAN,72,180,1981,1,6,19811982,N,605,52,191,243
Brian Bellows,R,L,1964-09-01,St. Catharines,ON,CAN,CAN,71,210,1982,1,2,19821983,N,"1,188",485,537,"1,022"
Bruce Bell,L,D,1965-02-15,Toronto,ON,CAN,CAN,73,190,1983,3,52,19841985,N,209,12,64,76
Brian Benning,L,D,1966-06-10,Edmonton,AB,CAN,CAN,72,195,1984,2,26,19841985,N,568,63,233,296
Todd Bergen,L,C,1963-07-11,Prince Albert,SK,CAN,CAN,75,185,1982,5,98,19841985,N,14,11,5,16
Benoit Hogue,L,L,1966-10-28,Repentigny,QC,CAN,CAN,70,194,1985,2,35,19871988,N,863,222,321,543
Bill Berg,L,L,1967-10-21,St. Catharines,ON,CAN,CAN,73,205,1986,3,59,19881989,N,546,55,67,122
Paul Beraldo,R,C,1967-10-05,Hamilton,ON,CAN,ITA,71,175,1986,7,139,19871988,N,10,0,0,0
Perry Berezan,R,C,1964-12-05,Edmonton,AB,CAN,CAN,74,190,1983,3,55,19841985,N,378,61,75,136
Marc Bergevin,L,D,1965-08-11,Montréal,QC,CAN,CAN,73,214,1983,3,59,19841985,N,"1,191",36,145,181
Michel Bergeron,R,R,1954-11-11,Chicoutimi,QC,CAN,CAN,70,170,1974,4,63,19741975,N,229,80,58,138
Bob Bergloff,R,D,1958-07-26,Dickinson,ND,USA,USA,73,185,1978,6,87,19821983,N,2,0,0,0
Bo Berglund,L,L,1955-04-06,Sjalevad,--,SWE,SWE,70,175,1983,12,232,19831984,N,130,28,39,67
Mike Berger,R,D,1967-06-02,Edmonton,AB,CAN,CAN,72,195,1985,4,69,19871988,N,30,3,1,4
Jonas Bergqvist,L,R,1962-09-26,Hassleholm,--,SWE,SWE,72,185,1988,6,126,19891990,N,22,2,5,7
Tim Bergland,R,R,1965-01-11,Crookston,MN,USA,USA,75,194,1983,4,75,19891990,N,182,17,26,43
Craig Berube,L,L,1965-12-17,Calahoo,AB,CAN,CAN,73,205,--,--,--,19861987,N,"1,054",61,98,159
Brad Berry,L,D,1965-04-01,Bashaw,AB,CAN,CAN,74,190,1983,2,29,19851986,N,241,4,28,32
Thommie Bergman,L,D,1947-12-10,Munkfors,--,SWE,SWE,74,200,--,--,--,19721973,N,246,21,44,65
Serge Bernier,R,C,1947-04-29,Padoue,QC,CAN,CAN,73,190,1967,1,5,19681969,N,300,78,118,196
Doug Berry,L,C,1957-06-03,New Westminster,BC,CAN,CAN,73,190,1977,3,38,19791980,N,121,10,33,43
John Bethel,L,L,1957-01-15,Montréal,QC,CAN,CAN,71,185,1977,6,98,19791980,N,17,0,2,2
Ken Berry,L,L,1960-06-21,Burnaby,BC,CAN,CAN,69,175,1980,6,112,19811982,N,55,8,10,18
Nick Beverley,R,D,1947-04-21,Toronto,ON,CAN,CAN,74,185,--,--,--,19661967,N,498,18,94,112
Wayne Bianchin,L,R,1953-09-06,Nanaimo,BC,CAN,CAN,70,180,1973,2,23,19731974,N,276,68,41,109
Jeff Beukeboom,R,D,1965-03-28,Ajax,ON,CAN,CAN,77,230,1983,1,19,19861987,N,804,30,129,159
Don Biggs,R,C,1965-07-04,Mississauga,ON,CAN,CAN,68,185,1983,8,156,19841985,N,12,2,0,2
Terry Clancy,L,R,1943-04-02,Ottawa,ON,CAN,CAN,71,195,--,--,--,19671968,N,32,0,1,1
Todd Bidner,L,L,1961-07-05,Petrolia,ON,CAN,GBR,74,205,1980,6,110,19811982,N,12,2,1,3
Gilles Bilodeau,L,L,1955-07-31,St. Prime,QC,CAN,CAN,73,220,--,--,--,19791980,N,9,0,1,1
Tom Bissett,L,L,1966-03-13,Seattle,WA,USA,USA,72,180,1986,11,211,19901991,N,5,0,0,0
Scott Bjugstad,L,L,1961-06-02,St. Paul,MN,USA,USA,73,185,1981,9,181,19831984,N,317,76,68,144
James Black,L,L,1969-08-15,Regina,SK,CAN,CAN,71,210,1989,5,94,19891990,N,352,58,57,115
Gary Coalter,R,R,1950-07-08,Toronto,ON,CAN,CAN,70,185,1970,5,67,19731974,N,34,2,4,6
Bill Collins,R,R,1943-07-13,Ottawa,ON,CAN,CAN,73,178,--,--,--,19671968,N,548,110,124,234
Bob Collyard,L,C,1949-10-16,Hibbing,MN,USA,USA,69,170,1969,7,73,19731974,N,10,1,3,4
Brian Conacher,L,L,1941-08-31,Toronto,ON,CAN,CAN,75,197,--,--,--,19611962,N,22,3,1,4
Tom Bladon,R,D,1952-12-29,Edmonton,AB,CAN,CAN,73,195,1972,2,23,19721973,N,610,73,197,270
Wayne Connelly,R,C,1939-12-16,Rouyn,QC,CAN,CAN,70,170,--,--,--,19601961,N,147,32,54,86
Bob Cook,R,R,1946-01-06,Sudbury,ON,CAN,CAN,72,190,--,--,--,19701971,N,72,13,9,22
Mike Blaisdell,R,R,1960-01-18,Moose Jaw,SK,CAN,CAN,73,196,1980,1,11,19801981,N,343,70,84,154
Jeff Bloemberg,R,D,1968-01-31,Listowel,ON,CAN,CAN,74,205,1986,5,93,19881989,N,43,3,6,9
Timo Blomqvist,R,D,1961-01-23,Helsinki,--,FIN,FIN,72,200,1980,5,89,19811982,N,243,4,53,57
Rick Blight,R,R,1955-10-17,Portage la Prairie,MB,CAN,CAN,74,195,1975,1,10,19751976,N,326,96,125,221
John Blum,R,D,1959-10-08,Detroit,MI,USA,USA,75,205,--,--,--,19821983,N,250,7,34,41
Bob Bodak,L,L,1961-05-28,Thunder Bay,ON,CAN,CAN,74,200,--,--,--,19871988,N,4,0,0,0
Doug Bodger,L,D,1966-06-18,Chemainus,BC,CAN,CAN,74,210,1984,1,9,19841985,N,"1,071",106,422,528
Peter Bondra,L,R,1968-02-07,Luck,--,UKR,SVK,73,200,1990,8,156,19901991,N,"1,081",503,389,892
Rick Boh,R,C,1964-05-18,Kamloops,BC,CAN,CAN,70,185,--,--,--,19871988,N,8,2,1,3
Serge Boisvert,R,R,1959-06-01,Drummondville,QC,CAN,CAN,69,172,--,--,--,19821983,N,46,5,7,12
Michel Bolduc,L,D,1961-03-13,Ange-Gardien,QC,CAN,CAN,74,190,1980,8,150,19811982,N,10,0,0,0
Fred Boimistruck,R,D,1962-01-14,Sudbury,ON,CAN,CAN,71,190,1980,3,43,19811982,N,83,4,14,18
Mike Boland,R,D,1954-10-29,London,ON,CAN,CAN,72,190,1974,7,110,19741975,N,23,1,2,3
Ivan Boldirev,L,C,1949-08-15,Zrenjanin,--,SRB,SRB,72,190,1969,1,11,19701971,N,"1,052",361,505,866
Jim Boo,R,D,1954-12-11,Rolla,MO,USA,USA,73,200,--,--,--,19771978,N,6,0,0,0
Dan Bolduc,L,R,1953-04-06,Waterville,ME,USA,USA,69,180,--,--,--,19781979,N,102,22,19,41
J.P. Bordeleau,R,R,1949-06-13,Noranda,QC,CAN,CAN,73,175,1969,1,13,19711972,N,519,97,126,223
Paulin Bordeleau,R,R,1953-01-29,Noranda,QC,CAN,FRA,69,162,1973,2,19,19731974,N,183,33,56,89
Dan Bonar,R,C,1956-09-23,Brandon,MB,CAN,CAN,69,175,--,--,--,19801981,N,170,25,39,64
Laurie Boschman,L,C,1960-06-04,Major,SK,CAN,CAN,72,185,1979,1,9,19791980,N,"1,009",229,348,577
Tim Bothwell,L,D,1955-05-06,Vancouver,BC,CAN,CAN,75,190,--,--,--,19781979,N,501,28,93,121
Jack Borotsik,L,L,1949-11-26,Brandon,MB,CAN,CAN,69,180,--,--,--,19741975,N,1,0,0,0
Pierre Bouchard,L,D,1948-02-20,Longueuil,QC,CAN,CAN,74,205,1965,1,5,19701971,N,595,24,82,106
Bruce Boudreau,L,C,1955-01-09,Toronto,ON,CAN,CAN,69,170,1975,3,42,19761977,N,141,28,42,70
Mike Corrigan,L,L,1946-01-11,Ottawa,ON,CAN,CAN,70,175,--,--,--,19671968,N,553,146,191,337
Rick Bourbonnais,R,R,1955-04-20,Toronto,ON,CAN,CAN,72,186,1975,4,63,19751976,N,71,9,15,24
Bob Bourne,L,C,1954-06-21,Kindersley,SK,CAN,CAN,75,200,1974,3,38,19741975,N,964,258,324,582
Pat Boutette,L,L,1952-03-01,Windsor,ON,CAN,CAN,68,175,1972,9,139,19751976,N,756,171,282,453
Charlie Bourgeois,R,D,1959-11-19,Moncton,NB,CAN,CAN,76,220,--,--,--,19811982,N,290,16,54,70
Paul Boutilier,L,D,1963-05-03,Sydney,NS,CAN,CAN,72,200,1981,1,21,19811982,N,288,27,83,110
Mark Botell,L,D,1961-08-27,Scarborough,ON,CAN,CAN,76,220,1980,8,168,19811982,N,32,4,10,14
Dan Bourbonnais,L,L,1962-03-06,Winnipeg,MB,CAN,CAN,70,185,1981,5,103,19811982,N,59,3,25,28
Phil Bourque,L,L,1962-06-08,Chelmsford,MA,USA,USA,73,196,--,--,--,19831984,N,477,88,111,199
Rick Bowness,R,R,1955-01-25,Moncton,NB,CAN,CAN,73,185,1975,2,26,19751976,N,173,18,37,55
Randy Boyd,L,D,1962-01-23,Coniston,ON,CAN,CAN,71,200,1980,3,51,19811982,N,257,20,67,87
Darren Boyko,R,C,1964-01-16,Winnipeg,MB,CAN,CAN,69,169,--,--,--,19881989,N,1,0,0,0
Greg Brown,R,D,1968-03-07,Hartford,CT,USA,USA,72,185,1986,2,26,19901991,N,94,4,14,18
Neil Brady,L,C,1968-04-12,Montréal,QC,CAN,CAN,74,200,1986,1,3,19891990,N,89,9,22,31
Philippe Bozon,L,L,1966-11-30,Chamonix,--,FRA,FRA,70,185,--,--,--,19911992,N,144,16,25,41
Steve Bozek,L,L,1960-11-26,Kelowna,BC,CAN,CAN,71,180,1980,3,52,19811982,N,641,164,167,331
Curt Brackenbury,R,R,1952-01-31,Kapuskasing,ON,CAN,CAN,70,200,--,--,--,19791980,N,141,9,17,26
Rick Bragnalo,L,C,1951-12-01,Fort William,ON,CAN,CAN,68,160,--,--,--,19751976,N,145,15,35,50
Brian Bradley,R,C,1965-01-21,Kitchener,ON,CAN,CAN,70,180,1983,3,51,19851986,N,651,182,321,503
Ken Breitenbach,L,D,1955-01-09,Welland,ON,CAN,CAN,71,190,1975,2,35,19751976,N,68,1,13,14
Per-Olov Brasar,L,C,1950-09-30,Falun,--,SWE,SWE,68,172,--,--,--,19771978,N,348,64,142,206
Dan Brennan,L,L,1962-10-01,Dawson Creek,BC,CAN,CAN,75,210,1981,8,165,19831984,N,8,0,1,1
Greg Britz,L,L,1961-03-01,Marblehead,MA,USA,USA,72,190,--,--,--,19831984,N,8,0,0,0
Andy Brickley,L,L,1961-08-09,Melrose,MA,USA,USA,71,200,1980,10,210,19821983,N,385,82,140,222
Mel Bridgman,L,C,1955-04-28,Trenton,ON,CAN,CAN,72,190,1975,1,1,19751976,N,977,252,449,701
Rob Brown,L,R,1968-04-10,Kingston,ON,CAN,CAN,71,185,1986,4,67,19871988,N,543,190,248,438
Bob Brooke,R,R,1960-12-18,Melrose,MA,USA,USA,71,195,1980,4,75,19831984,N,447,69,97,166
Stephane Brochu,L,D,1967-08-15,Sherbrooke,QC,CAN,CAN,72,185,1985,9,175,19881989,N,1,0,0,0
Carl Brewer,L,D,1938-10-21,Toronto,ON,CAN,CAN,69,180,--,--,--,19571958,N,81,4,30,34
Jeff Brown,R,D,1966-04-30,Ottawa,ON,CAN,CAN,74,204,1984,2,36,19851986,N,747,154,430,584
Gord Brooks,R,R,1950-09-11,Cobourg,ON,CAN,CAN,68,168,1970,4,51,19711972,N,70,7,18,25
Larry Brown,L,D,1947-04-14,Brandon,MB,CAN,CAN,74,210,--,--,--,19691970,N,440,7,50,57
Jim Brown,R,D,1960-03-01,Phoenix,AZ,USA,USA,76,210,1979,5,92,19821983,N,3,0,1,1
Dave Brown,R,R,1962-10-12,Saskatoon,SK,CAN,CAN,77,220,1982,7,140,19821983,N,729,45,52,97
Keith Brown,R,D,1960-05-06,Corner Brook,NL,CAN,CAN,73,192,1979,1,7,19791980,N,876,68,274,342
Jeff Brownschidle,R,D,1959-03-01,Buffalo,NY,USA,USA,74,200,--,--,--,19811982,N,7,0,1,1
Jack Brownschidle,L,D,1955-10-02,Buffalo,NY,USA,USA,74,195,1975,6,99,19771978,N,494,39,162,201
Murray Brumwell,L,D,1960-03-31,Calgary,AB,CAN,CAN,74,190,--,--,--,19801981,N,128,12,31,43
Jeff Brubaker,L,L,1958-02-24,Frederick,MD,USA,USA,74,207,1978,6,102,19791980,N,178,16,9,25
Neal Broten,L,C,1959-11-29,Roseau,MN,USA,USA,70,175,1979,3,42,19801981,N,"1,099",289,634,923
Aaron Broten,L,C,1960-11-14,Roseau,MN,USA,USA,70,180,1980,6,106,19801981,N,748,186,329,515
Jiri Bubla,L,D,1950-01-27,Ústí nad Labem,--,CZE,CZE,71,200,--,--,--,19811982,N,256,17,101,118
David Bruce,R,R,1964-10-07,Thunder Bay,ON,CAN,CAN,71,190,1983,2,30,19851986,N,234,48,39,87
Paul Brydges,R,C,1965-06-21,Guelph,ON,CAN,CAN,71,180,--,--,--,19861987,N,15,2,2,4
Doug Brown,R,R,1964-06-12,Southborough,MA,USA,USA,71,185,--,--,--,19861987,N,854,160,214,374
Kelly Buchberger,L,R,1966-12-02,Langenburg,SK,CAN,CAN,74,200,1985,9,188,19871988,N,"1,182",105,204,309
Benoit Brunet,L,L,1968-08-24,Ste-Anne-de-Bellevue,QC,CAN,CAN,70,203,1986,2,27,19881989,N,539,101,161,262
Rod Brind'Amour,L,C,1970-08-09,Ottawa,ON,CAN,CAN,73,205,1988,1,9,19891990,N,"1,484",452,732,"1,184"
Paul Broten,R,R,1965-10-27,Roseau,MN,USA,USA,71,190,1984,4,77,19891990,N,322,46,55,101
Francis Breault,L,R,1967-05-11,Acton Vale,QC,CAN,CAN,71,185,--,--,--,19901991,N,27,2,4,6
Patrice Brisebois,R,D,1971-01-27,Montréal,QC,CAN,CAN,74,197,1989,2,30,19901991,N,"1,009",98,322,420
Bruce Cowick,L,L,1951-08-18,Victoria,BC,CAN,CAN,73,200,--,--,--,19741975,N,70,5,6,11
Randy Bucyk,L,C,1962-11-09,Edmonton,AB,CAN,CAN,71,185,--,--,--,19851986,N,19,4,2,6
Richard Brown,L,L,1969-05-15,Prince Albert,SK,CAN,CAN,73,210,--,--,--,19901991,N,1,0,0,0
Bart Crashley,R,D,1946-06-15,Toronto,ON,CAN,CAN,72,180,--,--,--,19651966,N,79,5,22,27
Mike Bullard,L,C,1961-03-10,Ottawa,ON,CAN,CAN,72,195,1980,1,9,19801981,N,727,329,345,674
Ted Bulley,L,L,1955-03-25,Windsor,ON,CAN,CAN,73,192,1975,7,115,19761977,N,414,101,113,214
Marc Bureau,R,C,1966-05-19,Trois-Rivières,QC,CAN,CAN,73,203,--,--,--,19891990,N,567,55,83,138
Adam Burt,L,D,1969-01-15,Detroit,MI,USA,USA,74,210,1987,2,39,19881989,N,737,37,115,152
Gary Burns,L,L,1955-01-16,Cambridge,MA,USA,USA,73,190,1975,12,191,19801981,N,11,2,2,4
Shawn Burr,L,L,1966-07-01,Sarnia,ON,CAN,CAN,73,205,1984,1,7,19841985,N,878,181,259,440
Randy Burridge,L,L,1966-01-07,Fort Erie,ON,CAN,CAN,69,188,1985,8,157,19851986,N,706,199,251,450
Dave Burrows,L,D,1949-01-11,Toronto,ON,CAN,CAN,73,190,--,--,--,19711972,N,724,29,135,164
Nelson Burton,L,L,1957-11-06,Sydney,NS,CAN,CAN,72,205,1977,4,57,19771978,N,8,1,0,1
Rod Buskas,R,D,1961-01-07,Wetaskiwin,AB,CAN,CAN,73,206,1981,6,112,19821983,N,556,19,63,82
Mike Busniuk,R,D,1951-12-13,Thunder Bay,ON,CAN,CAN,75,200,1971,5,67,19791980,N,143,3,23,26
Ron Busniuk,R,R,1948-08-13,Fort William,ON,CAN,CAN,71,180,--,--,--,19721973,N,6,0,3,3
Garth Butcher,R,D,1963-01-08,Regina,SK,CAN,CAN,72,205,1981,1,10,19811982,N,897,48,158,206
Dave Cressman,L,L,1950-01-02,Kitchener,ON,CAN,CAN,73,180,1970,4,48,19741975,N,85,6,8,14
Jerry Butler,L,R,1951-02-27,Sarnia,ON,CAN,CAN,71,155,1971,4,55,19721973,N,641,99,120,219
Bill Butters,R,D,1951-01-10,St. Paul,MN,USA,USA,70,185,--,--,--,19771978,N,72,1,4,5
Gord Buynak,L,D,1954-03-19,Detroit,MI,USA,USA,73,180,1974,3,43,19741975,N,4,0,0,0
John Byce,L,R,1967-08-09,Madison,WI,USA,USA,73,180,1985,11,220,19901991,N,21,2,3,5
Terry Crisp,L,C,1943-05-28,Parry Sound,ON,CAN,CAN,70,180,--,--,--,19651966,N,377,47,99,146
Jerry Byers,L,L,1952-03-29,Kentville,NS,CAN,CAN,71,170,1972,1,12,19721973,N,43,3,4,7
Lyndon Byers,R,R,1964-02-29,Nipawin,SK,CAN,CAN,73,200,1982,2,39,19831984,N,279,28,43,71
Shawn Byram,L,L,1968-09-12,Neepawa,MB,CAN,CAN,74,204,1986,4,80,19901991,N,5,0,0,0
Ray Cullen,R,C,1941-09-20,Ottawa,ON,CAN,CAN,71,180,--,--,--,19651966,N,70,12,21,33
Barry Cummins,L,D,1949-01-25,Regina,SK,CAN,CAN,69,175,--,--,--,19731974,N,36,1,2,3
Paul Curtis,L,D,1947-09-29,Peterborough,ON,CAN,CAN,72,185,--,--,--,19691970,N,184,3,34,37
Billy Dea,L,L,1933-04-03,Edmonton,AB,CAN,CAN,68,175,--,--,--,19531954,N,42,6,3,9
Butch Deadmarsh,L,L,1950-04-05,Trail,BC,CAN,CAN,71,186,1970,2,15,19701971,N,137,12,5,17
Eric Calder,R,D,1963-07-26,Kitchener,ON,CAN,CAN,73,180,1981,3,45,19811982,N,2,0,0,0
Brett Callighen,L,C,1953-05-15,Toronto,ON,CAN,CAN,71,182,--,--,--,19791980,N,160,56,89,145
Drew Callander,R,R,1956-08-17,Regina,SK,CAN,CAN,74,185,1976,2,35,19761977,N,39,6,2,8
Jock Callander,R,R,1961-04-23,Regina,SK,CAN,CAN,73,188,--,--,--,19871988,N,109,22,29,51
Nelson Debenedet,L,L,1947-12-31,Cordenons,--,ITA,ITA,73,195,--,--,--,19731974,N,46,10,4,14
Ab Demarco Jr.,R,D,1949-02-27,Cleveland,OH,USA,USA,72,170,--,--,--,19691970,N,341,44,80,124
Tony Camazzola,L,D,1962-09-11,Vancouver,BC,CAN,CAN,74,210,1980,10,194,19811982,N,3,0,0,0
Norm Dennis,L,C,1942-12-10,Aurora,ON,CAN,CAN,70,175,--,--,--,19681969,N,5,0,0,0
Al Cameron,L,D,1955-10-21,Edmonton,AB,CAN,CAN,73,205,1975,3,37,19751976,N,282,11,44,55
Dave Cameron,L,C,1958-07-29,Charlottetown,PE,CAN,CAN,72,185,1978,8,135,19811982,N,168,25,28,53
James Camazzola,L,L,1964-01-05,Vancouver,BC,CAN,ITA,71,190,1982,10,196,19831984,N,3,0,0,0
Colin Campbell,L,D,1953-01-28,Toronto,ON,CAN,CAN,69,190,1973,2,27,19741975,N,636,25,103,128
Scott Campbell,L,D,1957-06-22,Toronto,ON,CAN,CAN,75,205,1977,1,9,19791980,N,80,4,21,25
Wade Campbell,R,D,1961-01-02,Peace River,AB,CAN,CAN,76,220,--,--,--,19821983,N,213,9,27,36
Dom Campedelli,R,D,1964-04-03,Cohasset,MA,USA,USA,73,185,1982,7,129,19851986,N,2,0,0,0
Jack Capuano,L,D,1966-07-07,Cranston,RI,USA,USA,74,210,1984,5,88,19891990,N,6,0,0,0
Dave Capuano,L,L,1968-07-27,Warwick,RI,USA,USA,74,190,1986,2,25,19891990,N,104,17,38,55
Terry Carkner,L,D,1966-03-07,Smiths Falls,ON,CAN,CAN,75,210,1984,1,14,19861987,N,858,42,188,230
Gary Donaldson,R,R,1952-07-15,Trail,BC,CAN,CAN,69,155,1972,9,141,19731974,N,1,0,0,0
Steve Carlson,L,C,1955-08-26,Virginia,MN,USA,USA,75,180,1975,8,131,19791980,N,52,9,12,21
Jack Carlson,L,L,1954-08-23,Virginia,MN,USA,USA,75,205,1974,7,117,19781979,N,236,30,15,45
Kent Carlson,L,D,1962-01-11,Concord,NH,USA,USA,75,200,1982,2,32,19831984,N,113,7,11,18
Anders Carlsson,L,C,1960-11-25,Gävle,--,SWE,SWE,71,185,1986,4,66,19861987,N,104,7,26,33
Randy Carlyle,L,D,1956-04-19,Sudbury,ON,CAN,CAN,70,200,1976,2,30,19761977,N,"1,055",148,499,647
Gary Dornhoefer,R,R,1943-02-02,Kitchener,ON,CAN,CAN,73,190,--,--,--,19631964,N,535,155,241,396
Rene Drolet,R,R,1944-11-13,Quebec City,QC,CAN,CAN,68,160,--,--,--,19711972,N,2,0,0,0
Denis Dupere,L,L,1948-06-21,Jonquiere,QC,CAN,CAN,73,200,--,--,--,19701971,N,421,80,99,179
Steve Durbano,L,D,1951-12-12,Toronto,ON,CAN,CAN,73,210,1971,1,13,19721973,N,220,13,60,73
Bobby Carpenter,L,C,1963-07-13,Beverly,MA,USA,USA,72,200,1981,1,3,19811982,N,"1,178",320,408,728
Jimmy Carson,R,C,1968-07-20,Southfield,MI,USA,USA,73,200,1986,1,2,19861987,N,626,275,286,561
Larry Carriere,L,D,1952-01-30,Montréal,QC,CAN,CAN,73,190,1972,2,25,19721973,N,366,16,74,90
Greg Carroll,L,C,1956-10-10,Gimli,MB,CAN,CAN,72,185,1976,1,15,19781979,N,131,20,34,54
Billy Carroll,L,C,1959-01-19,Toronto,ON,CAN,CAN,70,190,1979,2,38,19801981,N,322,30,54,84
Ron Carter,L,R,1958-03-14,Montréal,QC,CAN,CAN,73,205,1978,2,36,19791980,N,2,0,0,0
John Carter,L,L,1963-05-03,Winchester,MA,USA,USA,70,181,--,--,--,19851986,N,244,40,50,90
Tim Ecclestone,R,L,1947-09-24,Toronto,ON,CAN,CAN,70,195,1964,2,9,19671968,N,509,93,181,274
Wayne Cashman,R,L,1945-06-24,Kingston,ON,CAN,CAN,73,208,--,--,--,19641965,N,893,260,463,723
Andrew Cassels,L,C,1969-07-23,Bramalea,ON,CAN,CAN,71,178,1987,1,17,19891990,N,"1,015",204,528,732
Lindsay Carson,L,C,1960-11-21,Oxbow,SK,CAN,CAN,74,195,1979,3,56,19811982,N,373,66,80,146
Ed Cristofoli,L,R,1967-05-14,Trail,BC,CAN,CAN,74,205,1985,7,142,19891990,N,9,0,1,1
Jay Caufield,R,R,1960-07-17,Philadelphia,PA,USA,USA,76,237,--,--,--,19861987,N,208,5,8,13
Paul Cavallini,L,D,1965-10-13,Toronto,ON,CAN,CAN,73,202,1984,10,206,19861987,N,564,56,177,233
Gino Cavallini,L,L,1962-11-24,Toronto,ON,CAN,CAN,73,215,--,--,--,19841985,N,593,114,159,273
Bruce Cassidy,L,D,1965-05-20,Ottawa,ON,CAN,CAN,71,176,1983,1,18,19831984,N,36,4,13,17
Tony Cassolato,R,R,1956-05-07,Guelph,ON,CAN,CAN,71,180,--,--,--,19791980,N,23,1,6,7
Dave Chyzowski,L,L,1971-07-11,Edmonton,AB,CAN,CAN,73,190,1989,1,2,19891990,N,126,15,16,31
Tom Chorske,R,R,1966-09-18,Minneapolis,MN,USA,USA,73,212,1985,1,16,19891990,N,596,115,122,237
John Chabot,L,C,1962-05-18,Summerside,PE,CAN,CAN,74,200,1980,2,40,19831984,N,508,84,228,312
Frantisek Cernik,R,L,1953-06-03,Novy Jicin,--,CZE,CZE,70,189,--,--,--,19841985,N,49,5,4,9
Blair Chapman,R,R,1956-06-13,Lloydminster,SK,CAN,CAN,71,190,1976,1,2,19761977,N,402,106,125,231
Milan Chalupa,R,D,1953-06-04,Jihlava,--,CZE,CZE,70,183,1984,3,49,19841985,N,14,0,5,5
Todd Charlesworth,L,D,1965-03-22,Calgary,AB,CAN,CAN,71,190,1983,2,22,19831984,N,93,3,9,12
Shawn Chambers,L,D,1966-10-11,Sterling Heights,MI,USA,USA,74,210,--,--,--,19871988,N,625,50,185,235
Jose Charbonneau,R,R,1966-11-02,Ferme-Neuve,QC,CAN,CAN,72,195,1985,1,12,19871988,N,71,9,13,22
Guy Charron,L,C,1949-01-24,Verdun,QC,CAN,CAN,70,170,--,--,--,19691970,N,729,221,309,530
Colin Chisholm,R,D,1963-02-25,Edmonton,AB,CAN,CAN,75,200,1981,3,60,19861987,N,1,0,0,0
Rick Chartraw,R,D,1954-07-13,Caracas,--,VEN,VEN,74,210,1974,1,10,19741975,N,420,28,64,92
Dave Chartier,R,C,1961-02-15,St. Lazare,MB,CAN,CAN,69,170,1980,10,191,19801981,N,1,0,0,0
Jeff Chychrun,R,D,1966-05-03,LaSalle,QC,CAN,CAN,76,215,1984,2,37,19861987,N,262,3,22,25
Steve Chiasson,L,D,1967-04-14,Barrie,ON,CAN,CAN,73,205,1985,3,50,19861987,N,751,93,305,398
Richard Chernomaz,R,R,1963-09-01,Selkirk,MB,CAN,CAN,68,185,1981,2,26,19811982,N,51,9,7,16
Guy Chouinard,R,C,1956-10-20,Quebec City,QC,CAN,CAN,71,182,1974,2,28,19741975,N,578,205,370,575
Mike Christie,L,D,1949-12-20,Big Spring,TX,USA,USA,72,190,--,--,--,19741975,N,412,15,101,116
Marc Chorney,L,D,1959-11-08,Sudbury,ON,CAN,CAN,72,200,1979,6,115,19801981,N,210,8,27,35
Joe Cirella,R,D,1963-05-09,Hamilton,ON,CAN,CAN,75,210,1981,1,5,19811982,N,828,64,211,275
Steve Christoff,R,C,1958-01-23,Richfield,MN,USA,USA,73,180,1978,2,24,19791980,N,248,77,64,141
Ron Chipperfield,R,C,1954-03-28,Brandon,MB,CAN,CAN,71,186,1974,1,17,19791980,N,83,22,24,46
Shane Churla,R,R,1965-06-24,Fernie,BC,CAN,CAN,73,205,1985,6,110,19861987,N,488,26,45,71
Christopher Cichocki,R,R,1963-09-17,Warren,MI,USA,USA,71,185,--,--,--,19851986,N,68,11,12,23
Dan Chicoine,R,R,1957-11-30,Sherbrooke,QC,CAN,CAN,71,192,1977,2,23,19771978,N,31,1,2,3
Kim Clackson,R,D,1955-02-13,Saskatoon,SK,CAN,CAN,71,195,1975,5,85,19791980,N,106,0,8,8
Dave Christian,R,R,1959-05-12,Warroad,MN,USA,USA,72,180,1979,2,40,19791980,N,"1,009",340,433,773
Dean Chynoweth,R,D,1968-10-30,Calgary,AB,CAN,CAN,73,191,1987,1,13,19881989,N,241,4,18,22
Rob Cimetta,L,L,1970-02-15,Toronto,ON,CAN,CAN,72,190,1988,1,18,19881989,N,103,16,16,32
Neal Coulter,R,R,1963-01-02,Toronto,ON,CAN,CAN,74,190,1981,3,63,19851986,N,26,5,5,10
Wendel Clark,L,L,1966-10-25,Kelvington,SK,CAN,CAN,71,197,1985,1,1,19851986,N,793,330,234,564
Dean Clark,L,L,1964-01-10,Edmonton,AB,CAN,CAN,73,180,1982,8,167,19831984,N,1,0,0,0
Dan Clark,L,D,1957-11-03,Toronto,ON,CAN,CAN,73,195,1978,7,110,19781979,N,4,0,1,1
Gordie Clark,R,R,1952-05-31,Glasgow,--,GBR,GBR,70,180,1972,7,112,19741975,N,8,0,1,1
Rejean Cloutier,L,D,1960-02-15,Windsor,QC,CAN,CAN,72,185,--,--,--,19791980,N,5,0,2,2
Bill Clement,L,C,1950-12-20,Buckingham,QC,CAN,CAN,73,194,1970,2,18,19711972,N,719,148,208,356
Real Cloutier,L,R,1956-07-30,St. Emile,QC,CAN,CAN,70,185,1976,1,9,19791980,N,318,146,198,344
Steve Clippingdale,L,L,1956-04-29,Vancouver,BC,CAN,CAN,74,195,1976,2,21,19761977,N,19,1,2,3
Roland Cloutier,L,C,1957-06-10,Trois-Rivières,QC,CAN,CAN,68,157,1977,14,178,19771978,N,34,8,9,17
Stephen Coates,R,R,1950-07-27,Toronto,ON,CAN,CAN,68,171,--,--,--,19761977,N,5,1,0,1
Glen Cochrane,L,D,1958-01-29,Kamloops,BC,CAN,CAN,72,210,1978,3,50,19781979,N,411,17,72,89
Rey Comeau,L,C,1948-10-25,Montréal,QC,CAN,CAN,68,190,--,--,--,19711972,N,564,98,141,239
Kelly Chase,R,R,1967-10-25,Porcupine Plain,SK,CAN,CAN,71,201,--,--,--,19891990,N,458,17,36,53
Rene Chapdelaine,R,D,1966-09-27,Weyburn,SK,CAN,CAN,73,195,1986,8,149,19891990,N,32,0,2,2
Danton Cole,R,R,1967-01-10,Pontiac,MI,USA,USA,71,185,1985,6,123,19891990,N,318,58,60,118
Pat Conacher,L,L,1959-05-01,Edmonton,AB,CAN,CAN,68,190,1979,4,76,19791980,N,521,63,76,139
Zdeno Ciger,L,L,1969-10-19,Martin,--,SVK,SVK,73,190,1988,3,54,19901991,N,352,94,134,228
Jack Egers,L,R,1949-01-28,Sudbury,ON,CAN,CAN,73,175,1966,4,20,19691970,N,278,61,69,130
Gerry Ehman,R,R,1932-11-03,Cudworth,SK,CAN,CAN,72,190,--,--,--,19571958,N,78,18,18,36
Cam Connor,L,R,1954-08-10,Winnipeg,MB,CAN,CAN,74,200,1974,1,5,19781979,N,89,9,22,31
Joe Contini,L,C,1957-01-29,Galt,ON,CAN,CAN,70,178,1977,8,126,19771978,N,68,17,21,38
Jerry Engele,L,D,1950-11-26,Humboldt,SK,CAN,CAN,72,197,--,--,--,19751976,N,100,2,13,15
Tim Coulis,L,L,1958-02-24,Kenora,ON,CAN,CAN,72,200,1978,1,18,19791980,N,47,4,5,9
Ed Cooper,L,L,1960-08-28,Loon Lake,SK,CAN,CAN,70,188,1980,5,85,19801981,N,49,8,7,15
Yvon Corriveau,L,L,1967-02-08,Welland,ON,CAN,CAN,73,195,1985,1,19,19851986,N,280,48,40,88
Bob Corkum,R,C,1967-12-18,Salisbury,MA,USA,USA,72,222,1986,3,47,19891990,N,720,97,103,200
Shayne Corson,L,L,1966-08-13,Barrie,ON,CAN,CAN,73,202,1984,1,8,19851986,N,"1,156",273,420,693
Ross Cory,L,D,1957-02-04,Calgary,AB,CAN,CAN,74,195,--,--,--,19791980,N,51,2,10,12
Jacques Cossette,R,R,1954-06-20,Rouyn-Noranda,QC,CAN,CAN,69,185,1974,2,27,19751976,N,64,8,6,14
Rich Costello,R,C,1963-06-27,Framingham,MA,USA,USA,72,175,1981,2,37,19831984,N,12,2,2,4
Paul Evans,L,C,1955-02-24,Peterborough,ON,CAN,CAN,71,175,1975,9,149,19761977,N,11,1,1,2
Alain Cote,R,D,1967-04-14,Montmagny,QC,CAN,CAN,72,200,1985,2,31,19851986,N,119,2,18,20
Alain Cote,L,L,1957-05-03,Matane,QC,CAN,CAN,70,203,1977,3,43,19791980,N,696,103,190,293
Ray Cote,R,C,1961-05-31,Pincher Creek,AB,CAN,CAN,71,170,--,--,--,19831984,N,15,0,0,0
Sylvain Cote,R,D,1966-01-19,Quebec City,QC,CAN,CAN,71,195,1984,1,11,19841985,N,"1,171",122,313,435
Bill Fairbairn,R,R,1947-01-07,Brandon,MB,CAN,CAN,70,170,--,--,--,19681969,N,581,139,228,367
Bob Falkenberg,R,D,1946-01-01,Stettler,AB,CAN,CAN,72,185,--,--,--,19661967,N,13,0,1,1
Tony Featherstone,R,R,1949-07-31,Toronto,ON,CAN,CAN,71,187,1969,1,7,19691970,N,121,17,20,37
Sylvain Couturier,L,C,1968-04-23,Greenfield Park,QC,CAN,CAN,74,205,1986,4,65,19881989,N,33,4,5,9
Yves Courteau,L,R,1964-04-25,Montréal,QC,CAN,CAN,72,195,1982,2,23,19841985,N,22,2,5,7
Geoff Courtnall,L,L,1962-08-18,Duncan,BC,CAN,CAN,73,195,--,--,--,19831984,N,"1,048",367,432,799
Russ Courtnall,R,R,1965-06-02,Duncan,BC,CAN,CAN,71,185,1983,1,7,19831984,N,"1,029",297,447,744
Craig Coxe,L,L,1964-01-21,Chula Vista,CA,USA,USA,76,210,1982,4,66,19841985,N,235,14,31,45
Mike Craig,R,R,1971-06-06,St. Mary's,ON,CAN,CAN,73,188,1989,2,28,19901991,N,423,71,97,168
Murray Craven,L,L,1964-07-20,Medicine Hat,AB,CAN,CAN,75,190,1982,1,17,19821983,N,"1,071",266,493,759
Bob Crawford,R,R,1959-04-06,Belleville,ON,CAN,USA,71,180,1979,4,65,19791980,N,246,71,71,142
Marc Crawford,L,L,1961-02-13,Belleville,ON,CAN,CAN,71,185,1980,4,70,19811982,N,176,19,31,50
Louis Crawford,L,L,1962-11-05,Belleville,ON,CAN,CAN,72,185,--,--,--,19891990,N,26,2,1,3
Adam Creighton,L,C,1965-06-02,Burlington,ON,CAN,CAN,77,220,1983,1,11,19831984,N,708,187,216,403
Mike Crombeen,R,R,1957-04-16,Sarnia,ON,CAN,CAN,71,190,1977,1,5,19771978,N,475,55,68,123
Doug Crossman,L,D,1960-06-13,Peterborough,ON,CAN,CAN,74,190,1979,6,112,19801981,N,914,105,359,464
Keith Crowder,R,R,1959-01-06,Windsor,ON,CAN,CAN,72,190,1979,3,57,19801981,N,662,223,271,494
Shawn Cronin,L,D,1963-08-20,Joliet,IL,USA,USA,74,225,--,--,--,19881989,N,292,3,18,21
Dan Currie,L,L,1968-03-15,Burlington,ON,CAN,CAN,74,195,1986,4,84,19901991,N,22,2,1,3
John Cullen,R,C,1964-08-02,Puslinch,ON,CAN,CAN,70,180,--,--,--,19881989,N,621,187,363,550
Troy Crowder,R,R,1968-05-03,Sudbury,ON,CAN,CAN,76,220,1986,6,108,19891990,N,150,9,7,16
Gary Croteau,L,R,1946-06-20,Sudbury,ON,CAN,CAN,72,205,--,--,--,19681969,N,660,139,172,311
Bruce Crowder,R,R,1957-03-25,Essex,ON,CAN,CAN,72,180,1977,9,153,19811982,N,243,47,51,98
Jim Culhane,L,D,1965-03-13,Haileybury,ON,CAN,CAN,72,190,1984,11,215,19871988,N,6,0,1,1
Randy Cunneyworth,L,L,1961-05-10,Etobicoke,ON,CAN,CAN,72,198,1980,8,167,19801981,N,866,189,225,414
Brian Curran,L,D,1963-11-05,Toronto,ON,CAN,CAN,76,230,1982,2,22,19831984,N,381,7,33,40
Paul Cyr,L,L,1963-10-31,Port Alberni,BC,CAN,CAN,70,180,1982,1,9,19821983,N,471,101,140,241
Tony Curtale,L,D,1962-01-29,Detroit,MI,USA,USA,72,185,1980,2,31,19801981,N,2,0,0,0
Denis Cyr,L,R,1961-02-04,Verdun,QC,CAN,CAN,70,180,1980,1,13,19801981,N,193,41,43,84
Glen Currie,L,C,1958-07-18,Lachine,QC,CAN,CAN,74,180,1978,3,38,19791980,N,326,39,79,118
Jim Cunningham,L,L,1956-08-15,St. Paul,MN,USA,USA,71,185,--,--,--,19771978,N,1,0,0,0
Tony Currie,R,R,1957-11-12,Sydney Mines,NS,CAN,CAN,71,166,1977,4,63,19771978,N,290,92,119,211
Alain Daigle,R,R,1954-08-24,Cap-de-la-Madeleine,QC,CAN,CAN,70,180,1974,2,34,19741975,N,389,56,50,106
J.J. Daigneault,L,D,1965-10-12,Montréal,QC,CAN,CAN,70,192,1984,1,10,19841985,N,899,53,197,250
Kjell Dahlin,L,C,1963-03-02,Timra,--,SWE,SWE,72,175,1981,4,82,19851986,N,166,57,59,116
Chris Dahlquist,L,D,1962-12-14,Fridley,MN,USA,USA,73,196,--,--,--,19851986,N,532,19,71,90
Brad Dalgarno,R,R,1967-08-11,Vancouver,BC,CAN,CAN,75,213,1985,1,6,19851986,N,321,49,71,120
Bob Dailey,R,D,1953-05-03,Kingston,ON,CAN,CAN,77,220,1973,1,9,19731974,N,561,94,231,325
Pat Daley,L,L,1959-03-27,Marville,--,FRA,FRA,73,176,1979,4,82,19791980,N,12,1,0,1
Ulf Dahlen,L,R,1967-01-21,Ostersund,--,SWE,SWE,75,204,1985,1,7,19871988,N,966,301,354,655
Rod Dallman,L,L,1967-01-26,Quesnel,BC,CAN,CAN,71,185,1985,6,118,19871988,N,6,1,0,1
Marty Dallman,R,C,1963-02-15,Niagara Falls,ON,CAN,AUT,70,180,1981,4,81,19871988,N,6,0,1,1
Vincent Damphousse,L,C,1967-12-17,Montréal,QC,CAN,CAN,73,205,1986,1,6,19861987,N,"1,378",432,773,"1,205"
Jeff Daniels,L,L,1968-06-24,Oshawa,ON,CAN,CAN,73,200,1986,6,109,19901991,N,425,17,26,43
Ken Daneyko,L,D,1964-04-17,Windsor,ON,CAN,CAN,73,215,1982,1,18,19831984,N,"1,283",36,142,178
Dan Daoust,L,C,1960-02-29,Montréal,QC,CAN,CAN,70,160,--,--,--,19821983,N,522,87,167,254
Michael Dark,R,D,1963-09-17,Sarnia,ON,CAN,CAN,75,210,1982,6,124,19861987,N,43,5,6,11
Richard David,L,L,1958-04-08,Notre-Dame-de-la-Salette,QC,CAN,CAN,72,195,1978,3,42,19791980,N,31,4,4,8
Kim Davis,L,C,1957-05-31,Flin Flon,MB,CAN,CAN,71,170,1977,3,48,19771978,N,36,5,7,12
Reg Fleming,L,D,1936-04-21,Montréal,QC,CAN,CAN,68,170,--,--,--,19591960,N,78,6,10,16
Mal Davis,L,L,1956-10-10,Lockeport,NS,CAN,CAN,71,180,--,--,--,19781979,N,100,31,22,53
Peter Folco,L,D,1953-08-13,Montréal,QC,CAN,CAN,72,185,1973,9,131,19731974,N,2,0,0,0
Rick Foley,L,D,1945-09-22,Niagara Falls,ON,CAN,CAN,76,223,--,--,--,19701971,N,67,11,26,37
Len Fontaine,R,R,1948-02-25,Quebec City,QC,CAN,CAN,67,165,--,--,--,19721973,N,46,8,11,19
Val Fonteyne,L,L,1933-12-02,Wetaskiwin,AB,CAN,CAN,70,160,--,--,--,19591960,N,138,10,22,32
Connie Forey,L,L,1950-10-18,Montréal,QC,CAN,CAN,74,185,1970,4,49,19731974,N,4,0,0,0
Barry Dean,L,L,1955-02-26,Maple Creek,SK,CAN,CAN,73,195,1975,1,2,19761977,N,165,25,56,81
Lucien DeBlois,R,C,1957-06-21,Joliette,QC,CAN,CAN,71,200,1977,1,8,19771978,N,993,249,276,525
Dave Debol,R,C,1956-03-27,St. Clair Shores,MI,USA,USA,71,175,1976,4,63,19791980,N,92,26,26,52
Larry Depalma,L,C,1965-10-27,Trenton,MI,USA,USA,72,195,--,--,--,19851986,N,148,21,20,41
Dean Defazio,L,L,1963-04-16,Ottawa,ON,CAN,CAN,71,185,1981,9,175,19831984,N,22,0,2,2
Bill Derlago,L,C,1958-08-25,Birtle,MB,CAN,CAN,70,194,1978,1,4,19781979,N,555,189,227,416
Dale Degray,R,D,1963-09-03,Oshawa,ON,CAN,CAN,72,200,1981,8,162,19851986,N,153,18,47,65
Ron Delorme,R,C,1955-09-03,Cochin,SK,CAN,CAN,74,185,1975,4,56,19761977,N,524,83,83,166
Gilbert Delorme,R,D,1962-11-25,Boucherville,QC,CAN,CAN,73,199,1981,1,18,19811982,N,541,31,92,123
Robert Dirk,L,D,1966-08-20,Regina,SK,CAN,CAN,76,215,1984,3,53,19871988,N,402,13,29,42
Guy Delparte,L,R,1949-08-30,Prince Albert,SK,CAN,CAN,70,175,1969,6,63,19761977,N,48,1,8,9
Martin Desjardins,L,C,1967-01-28,Ste. Rose,QC,CAN,CAN,72,180,1985,4,75,19891990,N,8,0,2,2
Kevin Devine,L,L,1954-12-09,Toronto,ON,CAN,CAN,68,165,1974,7,121,19821983,N,2,0,1,1
Don Dietrich,L,D,1961-04-05,Deloraine,MB,CAN,CAN,74,205,1980,9,183,19831984,N,28,0,7,7
Eric Desjardins,R,D,1969-06-14,Rouyn,QC,CAN,CAN,73,205,1987,2,38,19881989,N,"1,143",136,439,575
Rob DiMaio,R,R,1968-02-19,Calgary,AB,CAN,CAN,70,190,1987,6,118,19881989,N,894,106,171,277
Gilbert Dionne,L,L,1970-09-19,Drummondville,QC,CAN,CAN,73,205,1990,4,81,19901991,N,223,61,79,140
Gerald Diduck,R,D,1965-04-06,Edmonton,AB,CAN,CAN,73,216,1983,1,16,19841985,N,932,56,156,212
Peter Dineen,R,D,1960-06-14,Kingston,ON,CAN,CAN,71,181,1980,9,189,19861987,N,13,0,2,2
Gary Dillon,L,C,1959-02-28,Toronto,ON,CAN,CAN,70,173,1979,5,85,19801981,N,13,1,1,2
Wayne Dillon,L,C,1955-05-25,Toronto,ON,CAN,CAN,72,185,1975,1,12,19751976,N,229,43,66,109
Kevin Dineen,R,R,1963-10-28,Quebec City,QC,CAN,CAN,71,190,1982,3,56,19841985,N,"1,188",355,405,760
Gord Dineen,R,D,1962-09-21,Quebec City,QC,CAN,CAN,72,195,1981,2,42,19821983,N,528,16,90,106
Daniel Dore,R,R,1970-04-09,Saint-Jerome,QC,CAN,CAN,75,202,1988,1,5,19891990,N,17,2,3,5
Gary Doak,R,D,1946-02-25,Goderich,ON,CAN,CAN,71,175,--,--,--,19651966,N,611,17,78,95
Bobby Dollas,L,D,1965-01-31,Montréal,QC,CAN,CAN,74,212,1983,1,14,19831984,N,646,42,96,138
Gord Donnelly,R,D,1962-04-05,Montréal,QC,CAN,CAN,73,202,1981,3,62,19831984,N,554,28,41,69
Jim Dobson,R,R,1960-02-29,Winnipeg,MB,CAN,CAN,73,195,1979,5,90,19791980,N,12,0,0,0
Andre Dore,R,D,1958-02-11,Ottawa,ON,CAN,CAN,74,200,1978,4,60,19781979,N,257,14,81,95
Jim Dorey,L,D,1947-08-17,Kingston,ON,CAN,CAN,73,190,1964,4,23,19681969,N,125,11,41,52
Dave Donnelly,L,C,1962-02-02,Edmonton,AB,CAN,CAN,71,185,1981,2,27,19831984,N,137,15,24,39
Dan Dorion,R,C,1963-03-02,Astoria,NY,USA,USA,69,180,1982,12,232,19851986,N,4,1,1,2
Mike Donnelly,L,L,1963-10-10,Detroit,MI,USA,USA,71,185,--,--,--,19861987,N,465,114,121,235
Brian Dobbin,R,R,1966-08-18,Petrolia,ON,CAN,CAN,71,205,1984,5,100,19861987,N,63,7,8,15
Clark Donatelli,L,L,1965-11-22,Providence,RI,USA,USA,70,180,1984,5,98,19891990,N,35,3,4,7
Tie Domi,R,R,1969-11-01,Windsor,ON,CAN,CAN,70,213,1988,2,27,19891990,N,"1,020",104,141,245
Per Djoos,R,D,1968-05-11,Mora,--,SWE,SWE,71,176,1986,7,127,19901991,N,82,2,31,33
Peter Douris,R,R,1966-02-19,Toronto,ON,CAN,CAN,73,195,1984,2,30,19851986,N,321,54,67,121
Jordy Douglas,L,L,1958-01-20,Winnipeg,MB,CAN,CAN,72,200,1978,5,81,19791980,N,268,76,62,138
Mario Doyon,R,D,1968-08-27,Quebec City,QC,CAN,CAN,72,174,1986,6,119,19881989,N,28,3,4,7
Peter Driscoll,L,L,1954-10-27,Kingston,ON,CAN,CAN,72,190,1974,4,67,19791980,N,60,3,8,11
Jude Drouin,R,C,1948-10-28,Mont-Louis,QC,CAN,CAN,70,160,1966,3,17,19681969,N,654,151,304,455
Bruce Driver,L,D,1962-04-29,Toronto,ON,CAN,CAN,72,185,1981,6,108,19831984,N,922,96,390,486
Kris Draper,L,C,1971-05-24,Toronto,ON,CAN,CAN,70,188,1989,3,62,19901991,N,"1,157",161,203,364
John Druce,R,R,1966-02-23,Peterborough,ON,CAN,CAN,74,195,1985,2,40,19881989,N,531,113,126,239
Steve Duchesne,L,D,1965-06-30,Sept-Iles,QC,CAN,CAN,71,195,--,--,--,19861987,N,"1,113",227,525,752
Norm Dube,L,L,1951-09-12,Sherbrooke,QC,CAN,CAN,71,185,1971,7,90,19741975,N,57,8,10,18
Gaetan Duchesne,L,L,1962-07-11,Les Saules,QC,CAN,CAN,71,200,1981,8,152,19811982,N,"1,028",179,254,433
Rick Dudley,L,L,1949-01-31,Toronto,ON,CAN,CAN,72,190,--,--,--,19721973,N,309,75,99,174
Ken Duggan,L,D,1963-02-21,London,ON,CAN,CAN,75,210,--,--,--,19871988,N,1,0,0,0
Donald Dufresne,R,D,1967-04-10,Rimouski,QC,CAN,CAN,73,206,1985,6,117,19881989,N,268,6,36,42
Rocky Dundas,R,R,1967-01-30,Regina,SK,CAN,CAN,72,195,1985,3,47,19891990,N,5,0,0,0
Dale Dunbar,L,D,1961-10-14,Winthrop,MA,USA,USA,72,200,--,--,--,19851986,N,2,0,0,0
Luc Dufour,L,L,1963-02-13,Chicoutimi,QC,CAN,CAN,71,180,1981,2,35,19821983,N,167,23,21,44
Craig Duncanson,L,R,1967-03-17,Sudbury,ON,CAN,CAN,72,190,1985,1,9,19851986,N,38,5,4,9
Larry Fullan,L,L,1949-08-11,Toronto,ON,CAN,CAN,71,185,--,--,--,19741975,N,4,1,0,1
Iain Duncan,L,L,1963-08-04,Weston,ON,CAN,CAN,73,200,1983,7,129,19861987,N,127,34,55,89
Jerome Dupont,L,D,1962-02-21,Ottawa,ON,CAN,CAN,75,200,1980,1,15,19811982,N,214,7,29,36
Vitezslav Duris,L,D,1954-01-05,Plzen,--,CZE,CZE,73,185,--,--,--,19801981,N,89,3,20,23
Blake Dunlop,R,C,1953-04-18,Hamilton,ON,CAN,CAN,70,170,1973,2,18,19731974,N,550,130,274,404
Dave Dunn,L,D,1948-08-19,Moosomin,SK,CAN,CAN,74,200,--,--,--,19731974,N,184,14,41,55
Steve Dykstra,L,L,1962-12-01,Edmonton,AB,CAN,CAN,74,190,--,--,--,19851986,N,217,8,32,40
Andre Dupont,L,D,1949-07-27,Trois-Rivières,QC,CAN,CAN,72,200,1969,1,8,19701971,N,810,59,185,244
Ron Duguay,R,C,1957-07-06,Sudbury,ON,CAN,CAN,74,200,1977,1,13,19771978,N,864,274,346,620
Richie Dunn,L,D,1957-05-12,Boston,MA,USA,USA,72,200,--,--,--,19771978,N,483,36,140,176
Norm Dupont,L,L,1957-02-05,Montréal,QC,CAN,CAN,70,185,1977,1,18,19791980,N,256,55,85,140
Miroslav Dvorak,R,D,1951-10-11,Hluboka,--,CZE,CZE,70,195,1982,3,46,19821983,N,193,11,74,85
Mike Dwyer,L,L,1957-09-16,Brampton,ON,CAN,CAN,71,172,1977,5,74,19781979,N,31,2,6,8
Mike Eaves,R,C,1956-06-10,Denver,CO,USA,USA,70,180,1976,7,113,19781979,N,324,83,143,226
Rolf Edberg,L,C,1950-09-29,Stockholm,--,SWE,SWE,70,174,--,--,--,19781979,N,184,45,58,103
Murray Eaves,R,C,1960-05-10,Calgary,AB,CAN,CAN,70,185,1980,3,44,19801981,N,57,4,13,17
Bruce Eakin,L,C,1962-09-28,Winnipeg,MB,CAN,CAN,71,190,1981,10,204,19811982,N,13,2,2,4
Jeff Eatough,R,R,1963-06-02,Toronto,ON,CAN,CAN,69,168,1981,4,80,19811982,N,1,0,0,0
Mike Eagles,L,L,1963-03-07,Sussex,NB,CAN,CAN,70,195,1981,6,116,19821983,N,853,74,122,196
Germain Gagnon,L,L,1942-12-09,Chicoutimi,QC,CAN,CAN,72,175,--,--,--,19711972,N,259,40,101,141
Darryl Edestrand,L,D,1945-11-06,Strathroy,ON,CAN,CAN,71,180,--,--,--,19671968,N,441,34,90,124
Gary Gambucci,L,C,1946-09-27,Hibbing,MN,USA,USA,69,175,--,--,--,19711972,N,51,2,7,9
Scott Garland,R,C,1952-05-16,Regina,SK,CAN,CAN,73,185,--,--,--,19751976,N,91,13,24,37
Bob Gassoff,L,D,1953-04-17,Quesnel,BC,CAN,CAN,70,195,1973,3,48,19731974,N,245,11,47,58
Gary Geldart,L,D,1950-06-14,Moncton,NB,CAN,CAN,68,160,1970,7,89,19701971,N,4,0,0,0
Jean-Guy Gendron,L,L,1934-08-30,Montréal,QC,CAN,CAN,69,165,--,--,--,19551956,N,132,26,29,55
Ed Gilbert,L,C,1952-03-12,Hamilton,ON,CAN,CAN,72,185,1972,3,46,19741975,N,166,21,31,52
Stan Gilbertson,L,L,1944-10-29,Duluth,MN,USA,USA,72,175,--,--,--,19711972,N,428,85,89,174
Bob Girard,L,L,1949-04-12,Montréal,QC,CAN,CAN,72,180,--,--,--,19751976,N,305,45,69,114
Dan Gloor,L,C,1952-12-04,Stratford,ON,CAN,CAN,69,170,1972,7,99,19731974,N,2,0,0,0
Tom Edur,R,D,1954-11-18,Toronto,ON,CAN,CAN,73,185,1974,3,54,19761977,N,158,17,70,87
Bill Goldsworthy,R,R,1944-08-24,Waterloo,ON,CAN,CAN,72,190,--,--,--,19641965,N,527,213,194,407
Pelle Eklund,L,C,1963-03-22,Stockholm,--,SWE,SWE,70,175,1983,8,161,19851986,N,594,120,335,455
Larry Gould,L,L,1952-08-16,Alliston,ON,CAN,CAN,69,170,--,--,--,19731974,N,2,0,0,0
Phil Goyette,L,C,1933-10-31,Lachine,QC,CAN,CAN,71,170,--,--,--,19561957,N,105,19,71,90
Todd Elik,L,L,1966-04-15,Brampton,ON,CAN,CAN,73,192,--,--,--,19891990,N,448,110,219,329
Dave Ellett,L,D,1964-03-30,Cleveland,OH,USA,USA,74,205,1982,4,75,19841985,N,"1,129",153,415,568
Rod Graham,L,L,1946-08-19,London,ON,CAN,CAN,72,185,--,--,--,19741975,N,14,2,1,3
Norm Gratton,L,L,1950-12-22,LaSalle,QC,CAN,CAN,71,165,1970,1,11,19711972,N,201,39,45,84
Anders Eldebrink,R,D,1960-12-11,Kalix,--,SWE,SWE,71,190,--,--,--,19811982,N,55,3,11,14
Lucien Grenier,L,R,1946-11-03,Malartic,QC,CAN,CAN,70,163,--,--,--,19691970,N,129,12,11,23
John Grisdale,R,D,1948-08-23,Geraldton,ON,CAN,CAN,72,195,--,--,--,19721973,N,250,4,39,43
Danny Gruen,L,L,1952-06-26,Thunder Bay,ON,CAN,CAN,71,190,1972,4,58,19721973,N,49,9,13,22
Bob Gryp,L,L,1950-05-06,Chatham,ON,CAN,CAN,73,190,1970,4,50,19731974,N,74,11,13,24
Vic Hadfield,L,L,1940-10-04,Oakville,ON,CAN,CAN,72,190,--,--,--,19611962,N,444,188,219,407
Anders Hakansson,L,L,1956-04-27,Munkfors,--,SWE,SWE,74,190,1976,14,134,19811982,N,330,52,46,98
Larry Hale,L,D,1941-10-09,Summerland,BC,CAN,CAN,73,180,--,--,--,19681969,N,76,1,12,13
Del Hall,L,C,1949-05-07,Peterborough,ON,CAN,CAN,70,170,--,--,--,19711972,N,9,2,0,2
Ron Ellis,R,R,1945-01-08,Lindsay,ON,CAN,CAN,69,195,--,--,--,19631964,N,612,180,186,366
Murray Hall,R,R,1940-11-24,Kirkland Lake,ON,CAN,CAN,72,175,--,--,--,19611962,N,109,27,44,71
Nelson Emerson,R,R,1967-08-17,Hamilton,ON,CAN,CAN,70,180,1985,3,44,19901991,N,771,195,293,488
Pat Elynuik,R,R,1967-10-30,Foam Lake,SK,CAN,CAN,72,185,1986,1,8,19871988,N,506,154,188,342
Kari Eloranta,L,D,1956-02-29,Lahti,--,FIN,FIN,74,200,--,--,--,19811982,N,267,13,103,116
Brian Engblom,L,D,1955-01-27,Winnipeg,MB,CAN,CAN,74,200,1975,2,22,19771978,N,659,29,177,206
Craig Endean,L,L,1968-04-13,Kamloops,BC,CAN,CAN,71,170,1986,5,92,19861987,N,2,0,1,1
Jim Ennis,L,D,1967-07-10,Edmonton,AB,CAN,CAN,72,200,1986,6,126,19871988,N,5,1,0,1
John English,R,D,1966-05-03,Toronto,ON,CAN,CAN,74,190,1984,3,48,19871988,N,3,1,3,4
Chuck Hamilton,L,L,1939-01-18,Kirkland Lake,ON,CAN,CAN,71,175,--,--,--,19611962,N,3,0,2,2
Nick Harbaruk,R,R,1943-08-16,Drohiczyn,--,POL,POL,72,195,--,--,--,19691970,N,290,40,58,98
Joe Hardy,L,C,1945-12-05,Kenogami,QC,CAN,CAN,72,185,--,--,--,19691970,N,40,4,10,14
Jim Hargreaves,R,D,1950-05-02,Winnipeg,MB,CAN,CAN,71,195,1970,2,16,19701971,N,66,1,7,8
Bryan Erickson,R,C,1960-03-07,Roseau,MN,USA,USA,69,170,--,--,--,19831984,N,351,80,125,205
Peter Eriksson,R,L,1965-07-12,Kramfors,--,SWE,SWE,76,218,1987,4,64,19891990,N,20,3,3,6
Roland Eriksson,L,C,1954-03-01,Stora Tuna,--,SWE,SWE,75,190,1974,8,131,19761977,N,193,48,95,143
Thomas Eriksson,L,D,1959-10-16,Stockholm,--,SWE,SWE,74,182,1979,5,98,19801981,N,208,22,76,98
Jan Erixon,L,L,1962-07-08,Skellefteå,--,SWE,SWE,72,196,1981,2,30,19831984,N,556,57,159,216
Hugh Harris,L,C,1948-06-07,Toronto,ON,CAN,CAN,73,195,--,--,--,19721973,N,60,12,26,38
Ron Harris,R,D,1942-06-30,Verdun,QC,CAN,CAN,70,190,--,--,--,19621963,N,273,11,52,63
Bob Errey,L,L,1964-09-21,Montréal,QC,CAN,CAN,71,175,1983,1,15,19831984,N,895,170,212,382
Ted Harris,L,D,1936-07-18,Winnipeg,MB,CAN,CAN,74,183,--,--,--,19631964,N,381,12,73,85
Kevin Evans,L,L,1965-07-10,Peterborough,ON,CAN,CAN,69,185,--,--,--,19901991,N,9,0,1,1
Buster Harvey,R,R,1950-04-02,Fredericton,NB,CAN,CAN,72,185,1970,2,17,19701971,N,407,90,118,208
Hugh Harvey,L,C,1949-06-25,Kingston,ON,CAN,CAN,72,175,--,--,--,19741975,N,18,1,1,2
Todd Ewen,R,R,1966-03-22,Saskatoon,SK,CAN,CAN,75,230,1984,8,168,19861987,N,518,36,40,76
Shawn Evans,L,D,1965-09-07,Kingston,ON,CAN,CAN,75,195,1983,2,24,19851986,N,9,1,0,1
Doug Evans,L,L,1963-06-02,Peterborough,ON,CAN,CAN,69,185,--,--,--,19851986,N,355,48,87,135
Chris Evans,L,D,1946-09-14,Toronto,ON,CAN,CAN,69,180,--,--,--,19691970,N,239,19,42,61
Daryl Evans,L,R,1961-01-12,Toronto,ON,CAN,CAN,69,185,1980,9,178,19811982,N,113,22,30,52
John Paul Evans,L,C,1954-05-02,Toronto,ON,CAN,CAN,69,185,1974,5,84,19781979,N,103,14,25,39
Dean Evason,R,C,1964-08-22,Flin Flon,MB,CAN,CAN,70,180,1982,5,89,19831984,N,803,139,233,372
Ed Hatoum,R,R,1947-12-07,Beirut,--,LBN,LBN,70,180,--,--,--,19681969,N,26,1,3,4
Bill Heindl,L,L,1946-05-13,Sherbrooke,QC,CAN,CAN,70,175,--,--,--,19701971,N,18,2,1,3
Earl Heiskala,L,L,1942-11-30,Kirkland Lake,ON,CAN,CAN,72,185,--,--,--,19681969,N,41,2,1,3
Dave Farrish,L,D,1956-08-01,Wingham,ON,CAN,CAN,73,195,1976,2,24,19761977,N,430,17,110,127
Glen Featherstone,L,D,1968-07-08,Toronto,ON,CAN,CAN,77,215,1986,4,73,19881989,N,384,19,61,80
Chris Felix,R,D,1964-05-27,Toronto,ON,CAN,CAN,71,190,--,--,--,19881989,N,35,1,12,13
Mario Faubert,R,D,1954-12-02,Valleyfield,QC,CAN,CAN,73,175,1974,4,62,19741975,N,231,21,90,111
Ted Fauss,L,R,1961-06-30,Clinton,NY,USA,USA,74,205,--,--,--,19861987,N,28,0,2,2
Brent Fedyk,R,L,1967-03-08,Yorkton,SK,CAN,CAN,72,195,1985,1,8,19871988,N,470,97,112,209
Mark Ferner,L,D,1965-09-05,Regina,SK,CAN,CAN,72,195,1983,10,194,19861987,N,91,3,10,13
Dave Feamster,L,D,1958-09-10,Detroit,MI,USA,USA,71,180,1978,6,96,19811982,N,169,13,24,37
David Fenyves,L,D,1960-04-29,Dunnville,ON,CAN,CAN,71,192,--,--,--,19821983,N,206,3,32,35
Paul Fenton,L,L,1959-12-22,Springfield,MA,USA,USA,71,180,--,--,--,19841985,N,411,100,83,183
Tony Feltrin,L,D,1961-12-06,Ladysmith,BC,CAN,CAN,73,184,1980,4,72,19801981,N,48,3,3,6
Tom Fergus,L,C,1962-06-16,Chicago,IL,USA,USA,75,210,1980,3,60,19811982,N,726,235,346,581
George Ferguson,R,C,1952-08-22,Trenton,ON,CAN,CAN,72,195,1972,1,11,19721973,N,797,160,238,398
John Ferguson,L,L,1938-09-05,Vancouver,BC,CAN,CAN,71,190,--,--,--,19631964,N,60,16,14,30
Norm Ferguson,R,R,1945-10-16,Sydney,NS,CAN,CAN,69,165,--,--,--,19681969,N,131,28,37,65
Mike Fidler,L,L,1956-08-19,Everett,MA,USA,USA,71,195,1976,3,41,19761977,N,271,84,97,181
Ron Fischer,R,D,1959-04-12,Merritt,BC,CAN,DEU,74,195,--,--,--,19811982,N,18,0,7,7
Ray Ferraro,L,C,1964-08-23,Trail,BC,CAN,CAN,69,200,1982,5,88,19841985,N,"1,258",408,490,898
Steven Finn,L,D,1966-08-20,Laval,QC,CAN,CAN,72,198,1984,3,57,19851986,N,725,34,78,112
Jeff Finley,L,D,1967-04-14,Edmonton,AB,CAN,CAN,74,203,1985,3,55,19871988,N,708,13,70,83
Bob Fitchner,L,C,1950-12-22,Sudbury,ON,CAN,CAN,72,190,1970,6,77,19791980,N,78,12,20,32
Ross Fitzpatrick,L,C,1960-10-07,Penticton,BC,CAN,CAN,72,195,1980,7,147,19821983,N,20,5,2,7
Tom Fitzgerald,R,R,1968-08-28,Billerica,MA,USA,USA,72,195,1986,1,17,19881989,N,"1,097",139,190,329
Craig Fisher,L,C,1970-06-30,Oshawa,ON,CAN,CAN,75,180,1988,3,56,19891990,N,12,0,0,0
Patrick Flatley,R,R,1963-10-03,Toronto,ON,CAN,CAN,74,205,1982,1,21,19831984,N,780,170,340,510
Bryan Hextall Jr.,L,C,1941-05-23,Winnipeg,MB,CAN,CAN,71,185,--,--,--,19621963,N,462,87,140,227
Theo Fleury,R,R,1968-06-29,Oxbow,SK,CAN,CAN,66,182,1987,8,166,19881989,N,"1,084",455,633,"1,088"
John Flesch,L,R,1953-07-15,Sudbury,ON,CAN,CAN,74,200,1973,5,69,19741975,N,124,18,23,41
Steven Fletcher,L,D,1962-03-31,Montréal,QC,CAN,CAN,74,180,1980,10,202,19881989,N,3,0,0,0
Bill Hicke,L,R,1938-03-31,Regina,SK,CAN,CAN,68,164,--,--,--,19591960,N,86,20,17,37
Larry Hillman,L,D,1937-02-05,Kirkland Lake,ON,CAN,CAN,72,185,--,--,--,19541955,N,216,10,50,60
Wayne Hillman,R,D,1938-11-13,Kirkland Lake,ON,CAN,CAN,73,205,--,--,--,19611962,N,190,5,20,25
Bill Flett,R,R,1943-07-21,Vermilion,AB,CAN,CAN,73,205,--,--,--,19671968,N,475,138,152,290
Todd Flichel,R,D,1964-09-14,Osgoode,ON,CAN,CAN,75,195,1983,9,169,19871988,N,6,0,1,1
Rob Flockhart,L,R,1956-02-06,Sicamous,BC,CAN,CAN,72,185,1976,3,44,19761977,N,55,2,5,7
Ron Flockhart,L,C,1960-10-10,Smithers,BC,CAN,CAN,71,190,--,--,--,19801981,N,453,145,183,328
Larry Floyd,L,C,1961-05-01,Peterborough,ON,CAN,CAN,68,180,--,--,--,19821983,N,12,2,3,5
Lee Fogolin Jr.,R,D,1955-02-07,Chicago,IL,USA,USA,72,200,1974,1,11,19741975,N,924,44,194,238
Bryan Fogarty,L,D,1969-06-11,Brantford,ON,CAN,CAN,73,205,1987,1,9,19891990,N,156,22,52,74
Mike Foligno,R,R,1959-01-29,Sudbury,ON,CAN,CAN,74,195,1979,1,3,19791980,N,"1,018",355,372,727
Dan Hinton,L,L,1953-05-24,Toronto,ON,CAN,CAN,73,180,1973,5,77,19761977,N,14,0,0,0
Jon Fontas,R,C,1958-04-11,Boston,MA,USA,USA,70,185,--,--,--,19791980,N,2,0,0,0
Phil Hoene,L,L,1949-03-15,Duluth,MN,USA,USA,69,175,--,--,--,19721973,N,37,2,4,6
Terry Holbrook,R,R,1950-07-11,Petrolia,ON,CAN,CAN,72,185,1970,3,38,19721973,N,43,3,6,9
Jerry Holland,L,L,1954-08-25,Beaverlodge,AB,CAN,CAN,70,180,1974,3,50,19741975,N,37,8,4,12
Greg Holst,L,C,1954-02-21,Montréal,QC,CAN,AUT,70,170,1974,8,139,19751976,N,11,0,0,0
Gary Holt,L,L,1952-01-01,Sarnia,ON,CAN,CAN,69,175,--,--,--,19731974,N,102,13,11,24
Dave Forbes,L,R,1948-11-16,Montréal,QC,CAN,CAN,70,180,--,--,--,19731974,N,362,64,64,128
Mike Forbes,R,D,1957-09-20,Brampton,ON,CAN,CAN,74,200,1977,3,52,19771978,N,50,1,11,12
Ron Homenuke,R,R,1952-01-05,Hazelton,BC,CAN,CAN,70,180,1972,4,51,19721973,N,1,0,0,0
Doug Horbul,L,L,1952-07-27,Nokomis,SK,CAN,CAN,69,170,1972,4,63,19741975,N,4,1,0,1
Larry Hornung,L,D,1945-11-10,Weyburn,SK,CAN,CAN,72,190,--,--,--,19701971,N,47,2,9,11
Claude Houde,L,D,1947-11-08,Drummondville,QC,CAN,CAN,73,188,--,--,--,19741975,N,59,3,6,9
Alex Forsyth,L,C,1955-01-06,Galt,ON,CAN,CAN,74,195,1975,1,18,19761977,N,1,0,0,0
Dave Hrechkosy,L,L,1951-11-01,Winnipeg,MB,CAN,CAN,74,195,--,--,--,19731974,N,140,42,24,66
Jim Hrycuik,L,C,1949-10-07,Rosthern,SK,CAN,CAN,70,180,--,--,--,19741975,N,21,5,5,10
Dave Fortier,L,D,1951-06-17,Sudbury,ON,CAN,CAN,71,190,1971,2,23,19721973,N,205,8,21,29
Fran Huck,L,C,1945-12-04,Regina,SK,CAN,CAN,67,165,--,--,--,19691970,N,92,24,30,54
Marc Fortier,R,C,1966-02-26,Sherbrooke,QC,CAN,CAN,72,192,--,--,--,19871988,N,212,42,60,102
Corey Foster,L,D,1969-10-27,Ottawa,ON,CAN,CAN,75,204,1988,1,12,19881989,N,45,5,6,11
Dwight Foster,R,R,1957-04-02,Toronto,ON,CAN,CAN,70,190,1977,1,16,19771978,N,541,111,163,274
Nick Fotiu,L,L,1952-05-25,Staten Island,NY,USA,USA,74,210,--,--,--,19761977,N,646,60,77,137
Dave Hudson,L,C,1949-12-28,St. Thomas,ON,CAN,CAN,72,185,1969,6,71,19721973,N,409,59,124,183
Jim Fox,R,R,1960-05-18,Coniston,ON,CAN,CAN,68,185,1980,1,10,19801981,N,578,186,293,479
Greg Fox,L,D,1953-08-12,Port McNeill,BC,CAN,CAN,74,190,1973,11,162,19771978,N,494,14,92,106
Bobby Francis,R,C,1958-12-05,North Battleford,SK,CAN,CAN,69,175,--,--,--,19821983,N,14,2,0,2
Lou Franceschetti,L,L,1958-03-28,Toronto,ON,CAN,CAN,72,200,1978,5,71,19811982,N,459,59,81,140
Frantisek Musil,L,D,1964-12-17,Pardubice,--,CZE,CZE,75,215,1983,2,38,19861987,N,797,34,106,140
Curt Fraser,L,L,1958-01-12,Cincinnati,OH,USA,CAN,73,200,1978,2,22,19781979,N,704,193,239,432
Brent Hughes,L,D,1943-06-17,Bowmanville,ON,CAN,CAN,72,205,--,--,--,19671968,N,267,8,81,89
Dan Frawley,R,R,1962-06-02,Sturgeon Falls,ON,CAN,CAN,72,170,1980,10,204,19831984,N,273,37,40,77
Frank Hughes,L,L,1949-10-01,Fernie,BC,CAN,CAN,70,180,1969,4,43,19711972,N,5,0,0,0
Dennis Hull,L,L,1944-11-19,Point Anne,ON,CAN,CAN,71,198,--,--,--,19641965,N,587,202,241,443
Mark Freer,L,C,1968-07-14,Toronto,ON,CAN,CAN,70,180,--,--,--,19861987,N,124,16,23,39
Tim Friday,R,D,1961-03-05,Burbank,CA,USA,USA,72,190,--,--,--,19851986,N,23,0,3,3
Ron Friest,L,L,1958-11-04,Windsor,ON,CAN,CAN,71,185,--,--,--,19801981,N,64,7,7,14
Len Frig,R,D,1950-10-23,Lethbridge,AB,CAN,CAN,71,190,1970,3,42,19731974,N,311,13,51,64
Dan Fridgen,L,L,1959-05-18,Arnprior,ON,CAN,CAN,71,175,--,--,--,19811982,N,13,2,3,5
Robbie Ftorek,L,C,1952-01-02,Needham,MA,USA,USA,70,155,--,--,--,19721973,N,334,77,150,227
Miroslav Frycer,L,C,1959-09-27,Ostrava,--,CZE,CZE,72,200,--,--,--,19811982,N,415,147,183,330
Mark Fusco,R,D,1961-03-12,Woburn,MA,USA,USA,69,175,--,--,--,19831984,N,80,3,12,15
Larry Huras,L,D,1955-07-08,Listowel,ON,CAN,CAN,74,200,1975,5,84,19761977,N,2,0,0,0
Bob Hurlburt,L,L,1950-05-01,Toronto,ON,CAN,CAN,71,185,--,--,--,19741975,N,1,0,0,0
Link Gaetz,L,D,1968-10-02,Vancouver,BC,CAN,CAN,74,223,1988,2,40,19881989,N,65,6,8,14
Paul Gagne,L,L,1962-02-06,Iroquois Falls,ON,CAN,CAN,70,180,1980,1,19,19801981,N,390,110,101,211
Jody Gage,R,R,1959-11-29,Toronto,ON,CAN,CAN,72,190,1979,3,45,19801981,N,68,14,15,29
Dave Gagner,L,C,1964-12-11,Chatham,ON,CAN,CAN,70,188,1983,1,12,19841985,N,946,318,401,719
Michel Galarneau,R,C,1961-03-01,Montréal,QC,CAN,FRA,74,180,1980,2,29,19801981,N,78,7,10,17
Gerard Gallant,L,L,1963-09-02,Summerside,PE,CAN,CAN,70,190,1981,6,107,19841985,N,615,211,269,480
Jamie Gallimore,R,R,1957-11-28,Edmonton,AB,CAN,CAN,72,180,1977,6,97,19771978,N,2,0,0,0
Garry Galley,L,D,1963-04-16,Montréal,QC,CAN,CAN,72,207,1983,5,100,19841985,N,"1,149",125,475,600
Ron Huston,R,C,1945-04-08,Manitou,MB,CAN,CAN,69,170,--,--,--,19731974,N,79,15,31,46
Dave Hynes,L,L,1951-04-17,Cambridge,MA,USA,USA,69,182,1971,4,56,19731974,N,22,4,0,4
Earl Ingarfield,L,C,1934-10-25,Lethbridge,AB,CAN,CAN,71,185,--,--,--,19581959,N,49,5,8,13
Ted Irvine,L,L,1944-12-08,Winnipeg,MB,CAN,CAN,74,195,--,--,--,19631964,N,499,110,115,225
Dave Gans,R,C,1964-06-06,Brantford,ON,CAN,CAN,70,180,1982,4,64,19821983,N,6,0,0,0
Perry Ganchar,R,R,1963-10-28,Saskatoon,SK,CAN,CAN,69,180,1982,6,113,19831984,N,42,3,7,10
Tim Jacobs,L,D,1952-03-28,Espanola,ON,CAN,CAN,70,180,1972,5,70,19751976,N,46,0,10,10
Bill Gardner,L,C,1960-03-18,Toronto,ON,CAN,CAN,70,180,1979,3,49,19801981,N,380,73,115,188
Dave Gardner,R,C,1952-08-23,Toronto,ON,CAN,CAN,72,185,1972,1,8,19721973,N,350,75,115,190
Doug Jarrett,L,D,1944-04-22,London,ON,CAN,CAN,75,205,--,--,--,19641965,N,378,19,82,101
Paul Gardner,L,C,1956-03-05,Fort Erie,ON,CAN,CAN,72,195,1976,1,11,19761977,N,447,201,201,402
Gary Jarrett,L,L,1942-09-03,Toronto,ON,CAN,CAN,68,170,--,--,--,19601961,N,130,20,29,49
Pierre Jarry,L,L,1949-03-30,Montréal,QC,CAN,CAN,71,190,1969,1,12,19711972,N,344,88,117,205
Bjorn Johansson,L,D,1956-01-15,Orebro,--,SWE,SWE,72,195,1976,1,5,19761977,N,15,1,1,2
Danny Gare,R,R,1954-05-14,Nelson,BC,CAN,CAN,69,175,1974,2,29,19741975,N,827,354,331,685
Rob Garner,L,C,1958-08-17,Weston,ON,CAN,CAN,71,180,1978,5,75,19821983,N,1,0,0,0
Johan Garpenlov,L,L,1968-03-21,Stockholm,--,SWE,SWE,71,185,1986,5,85,19901991,N,609,114,197,311
Dallas Gaume,L,C,1963-08-27,Innisfail,AB,CAN,CAN,70,185,--,--,--,19881989,N,4,1,1,2
Jean-Marc Gaulin,R,R,1962-03-03,Balve,--,DEU,CAN,70,180,1981,3,53,19821983,N,26,4,3,7
Steve Gatzos,R,R,1961-06-22,Toronto,ON,CAN,CAN,71,185,1981,2,28,19811982,N,89,15,20,35
Stew Gavin,L,R,1960-03-15,Ottawa,ON,CAN,CAN,72,190,1980,4,74,19801981,N,768,130,155,285
Luc Gauthier,R,D,1964-04-19,Victoriaville,QC,CAN,CAN,69,195,--,--,--,19901991,N,3,0,0,0
Brad Gassoff,L,L,1955-11-13,Quesnel,BC,CAN,CAN,71,195,1975,2,28,19751976,N,122,19,17,36
Jocelyn Gauvreau,L,D,1964-03-04,Masham,QC,CAN,CAN,71,180,1982,2,31,19831984,N,2,0,0,0
Bob Geale,R,C,1962-04-17,Edmonton,AB,CAN,CAN,71,175,1980,8,156,19841985,N,1,0,0,0
Martin Gelinas,L,L,1970-06-05,Shawinigan,QC,CAN,CAN,71,202,1988,1,7,19881989,N,"1,273",309,351,660
Danny Johnson,L,C,1944-10-01,Winnipegosis,MB,CAN,CAN,71,170,--,--,--,19691970,N,119,18,19,37
Jim Johnson,L,C,1942-11-07,Winnipeg,MB,CAN,CAN,69,190,--,--,--,19641965,N,140,37,53,90
Joey Johnston,L,L,1949-03-03,Peterborough,ON,CAN,CAN,70,180,1966,2,8,19681969,N,320,84,106,190
Larry Johnston,R,D,1943-07-20,Kitchener,ON,CAN,CAN,71,195,--,--,--,19671968,N,316,9,64,73
Marshall Johnston,R,D,1941-06-06,Birch Hills,SK,CAN,CAN,71,175,--,--,--,19671968,N,203,14,47,61
Jim Jones,L,D,1949-07-27,Espanola,ON,CAN,CAN,70,185,1969,6,69,19711972,N,2,0,0,0
Danny Geoffrion,R,R,1958-01-24,Montréal,QC,CAN,CAN,70,185,1978,1,8,19791980,N,111,20,32,52
Ron Jones,L,D,1951-04-11,Vermilion,AB,CAN,CAN,73,195,1971,1,6,19711972,N,54,1,4,5
Eddie Joyal,L,C,1940-05-08,Edmonton,AB,CAN,CAN,72,178,--,--,--,19621963,N,138,34,28,62
Eric Germain,L,D,1966-06-26,Quebec City,QC,CAN,CAN,73,195,--,--,--,19871988,N,4,0,1,1
Gord Kannegiesser,L,D,1945-12-21,North Bay,ON,CAN,CAN,72,190,--,--,--,19671968,N,4,0,0,0
Sheldon Kannegiesser,L,D,1947-08-15,North Bay,ON,CAN,CAN,72,198,--,--,--,19701971,N,366,14,67,81
Al Karlander,L,C,1946-11-05,Lac La Hache,BC,CAN,CAN,68,170,1967,2,17,19691970,N,171,31,46,77
Mario Giallonardo,L,D,1957-09-23,Toronto,ON,CAN,CAN,71,201,--,--,--,19791980,N,23,0,3,3
Mike Keating,L,L,1957-01-21,Toronto,ON,CAN,CAN,72,185,1977,2,26,19771978,N,1,0,0,0
Larry Keenan,L,L,1940-10-01,North Bay,ON,CAN,CAN,71,175,--,--,--,19611962,N,89,11,24,35
Dave Kelly,R,R,1952-09-20,Chatham,ON,CAN,CAN,74,205,--,--,--,19761977,N,16,2,0,2
Barry Gibbs,R,D,1948-09-28,Lloydminster,SK,CAN,CAN,71,195,1966,1,1,19671968,N,717,55,211,266
Doug Gibson,L,C,1953-09-28,Peterborough,ON,CAN,CAN,70,175,1973,3,36,19731974,N,63,9,19,28
John Gibson,L,C,1959-07-02,St. Catharines,ON,CAN,CAN,75,210,1979,4,71,19801981,N,48,0,2,2
Don Gibson,R,D,1967-03-17,Deloraine,MB,CAN,CAN,73,210,1986,3,49,19901991,N,14,0,3,3
Lee Giffin,R,R,1967-04-01,Camrose,SK,CAN,CAN,72,188,1985,2,23,19861987,N,27,1,3,4
Rick Kessell,L,C,1949-07-27,Toronto,ON,CAN,CAN,70,175,1969,2,15,19691970,N,127,3,22,25
Greg Gilbert,L,L,1962-01-22,Toronto,ON,CAN,CAN,73,195,1980,4,80,19811982,N,837,150,228,378
Curt Giles,L,D,1958-11-30,The Pas,MB,CAN,CAN,68,175,1978,4,54,19791980,N,895,43,199,242
Brent Gilchrist,L,L,1967-04-03,Moose Jaw,SK,CAN,CAN,71,180,1985,4,79,19881989,N,792,135,170,305
Kerry Ketter,L,D,1947-09-20,Prince George,BC,CAN,CAN,73,202,--,--,--,19721973,N,41,0,2,2
Randy Gilhen,L,C,1963-06-13,Zweibrucken,--,DEU,DEU,72,190,1982,6,109,19821983,N,457,55,60,115
Wayne King,R,C,1951-09-04,Midland,ON,CAN,CAN,70,185,--,--,--,19731974,N,73,5,18,23
Todd Gill,L,D,1965-11-09,Cardinal,ON,CAN,CAN,72,185,1984,2,25,19841985,N,"1,007",82,272,354
Don Gillen,R,R,1960-12-24,Dodsland,SK,CAN,CAN,75,210,1979,4,77,19791980,N,35,2,4,6
Mike Gillis,L,L,1958-12-01,Sudbury,ON,CAN,CAN,73,195,1978,1,5,19781979,N,246,33,43,76
Paul Gillis,L,C,1963-12-31,Toronto,ON,CAN,CAN,71,198,1982,2,34,19821983,N,624,88,154,242
Jere Gillis,L,L,1957-01-18,Bend,OR,USA,USA,72,194,1977,1,4,19771978,N,386,78,95,173
Brian Kinsella,R,C,1954-02-11,Barrie,ON,CAN,CAN,71,180,1974,6,91,19751976,N,10,0,1,1
Gaston Gingras,L,D,1959-02-13,North Bay,ON,CAN,CAN,73,200,1979,2,27,19791980,N,476,61,174,235
Larry Giroux,R,D,1951-08-28,Weyburn,SK,CAN,CAN,72,190,--,--,--,19731974,N,274,15,74,89
Pierre Giroux,R,C,1955-11-17,Brownsburg,QC,CAN,CAN,71,185,1975,4,61,19821983,N,6,1,0,1
Bob Gladney,L,D,1957-08-27,Come-By-Chance,NL,CAN,CAN,71,185,1977,2,24,19821983,N,14,1,5,6
Brian Glennie,L,D,1946-08-29,Toronto,ON,CAN,CAN,73,197,--,--,--,19691970,N,520,13,86,99
Larry Gloekner,L,D,1956-01-25,Kindersley,SK,CAN,CAN,74,210,1976,2,34,19781979,N,13,0,2,2
Skip Krake,R,C,1943-10-14,North Battleford,SK,CAN,CAN,71,170,--,--,--,19631964,N,74,4,5,9
Ernie Godden,L,C,1961-03-13,Toronto,ON,CAN,CAN,68,160,1981,3,55,19811982,N,5,1,1,2
Kevin Krook,L,D,1958-04-05,Cold Lake,AB,CAN,CAN,71,187,1978,9,142,19781979,N,3,0,0,0
Jim Krulicki,L,L,1948-03-09,Kitchener,ON,CAN,CAN,71,180,--,--,--,19701971,N,41,0,3,3
Dave Kryskow,L,L,1951-12-25,Edmonton,AB,CAN,CAN,70,175,1971,2,26,19721973,N,231,33,56,89
Eddy Godin,L,R,1957-03-29,Donnacona,QC,CAN,CAN,70,190,1977,3,39,19771978,N,27,3,6,9
Alexander Godynyuk,L,D,1970-01-27,Kiev,--,RUS,UKR,73,210,1990,6,115,19901991,N,223,10,39,49
Murray Kuntz,L,L,1945-12-19,Ottawa,ON,CAN,CAN,70,180,--,--,--,19741975,N,7,1,2,3
Orland Kurtenbach,L,C,1936-09-07,Cudworth,SK,CAN,CAN,74,180,--,--,--,19601961,N,229,62,101,163
Moe L'Abbe,L,R,1947-08-12,Montréal,QC,CAN,CAN,69,170,1964,4,22,19721973,N,5,0,1,1
Dave Goertz,R,D,1965-03-28,Edmonton,AB,CAN,CAN,71,210,1983,12,223,19871988,N,2,0,0,0
Gord Labossiere,R,C,1940-01-02,St. Boniface,MB,CAN,CAN,73,190,--,--,--,19631964,N,83,21,17,38
Pete Laframboise,L,L,1950-01-18,Ottawa,ON,CAN,CAN,74,185,1970,2,19,19711972,N,227,33,55,88
Roger Lafreniere,L,L,1942-07-24,Montréal,QC,CAN,CAN,72,190,--,--,--,19621963,N,10,0,0,0
Jean-Guy Lagace,R,D,1945-02-05,L'Abord-a-Plouffe,QC,CAN,CAN,70,185,--,--,--,19681969,N,180,9,38,47
Serge Lajeunesse,L,D,1950-06-11,Montréal,QC,CAN,CAN,70,185,1970,1,12,19701971,N,103,1,4,5
Glenn Goldup,L,R,1953-04-26,St. Catharines,ON,CAN,CAN,72,190,1973,2,17,19731974,N,291,52,67,119
Guy Gosselin,R,D,1964-06-06,Rochester,MN,USA,USA,70,185,1982,8,159,19871988,N,5,0,0,0
Larry Goodenough,R,D,1953-01-19,Toronto,ON,CAN,CAN,72,195,1973,2,20,19741975,N,242,22,77,99
Dave Gorman,R,R,1955-04-08,Oshawa,ON,CAN,CAN,71,185,1975,4,70,19791980,N,3,0,0,0
Butch Goring,L,C,1949-10-22,St. Boniface,MB,CAN,CAN,69,170,1969,5,51,19691970,N,"1,048",362,490,852
John Gould,L,R,1949-04-11,Beeton,ON,CAN,CAN,71,197,--,--,--,19711972,N,504,131,138,269
Benoit Gosselin,L,L,1957-07-19,Montréal,QC,CAN,CAN,71,190,1977,5,80,19771978,N,7,0,0,0
Tom Gorence,R,R,1957-03-11,St. Paul,MN,USA,USA,72,190,1977,2,35,19781979,N,303,58,53,111
Steve Gotaas,R,C,1967-05-10,Chatham,ON,CAN,CAN,70,180,1985,5,86,19871988,N,49,6,9,15
Bobby Gould,R,R,1957-09-02,Petrolia,ON,CAN,CAN,72,195,1977,7,118,19791980,N,697,145,159,304
Christopher Govedaris,L,L,1970-02-02,Toronto,ON,CAN,CAN,72,200,1988,1,11,19891990,N,45,4,6,10
Mike Lampman,L,L,1950-04-20,Hamilton,ON,CAN,CAN,74,195,1970,10,112,19721973,N,96,17,20,37
Steve Langdon,L,L,1953-12-23,Toronto,ON,CAN,CAN,71,175,1973,4,63,19741975,N,7,0,1,1
Alain Langlais,L,L,1950-10-09,Chicoutimi,QC,CAN,CAN,70,175,--,--,--,19731974,N,25,4,4,8
Claude Larose,R,R,1942-03-02,Hearst,ON,CAN,CAN,72,180,--,--,--,19621963,N,533,119,137,256
Thomas Gradin,R,C,1956-02-18,Solleftea,--,SWE,SWE,71,176,1976,3,45,19781979,N,677,209,384,593
Mike Laughton,L,C,1944-02-21,Nelson,BC,CAN,CAN,74,185,--,--,--,19671968,N,25,1,0,1
Brian Lavender,L,L,1947-04-20,Edmonton,AB,CAN,CAN,72,174,--,--,--,19711972,N,184,16,26,42
Dirk Graham,R,R,1959-07-29,Regina,SK,CAN,CAN,71,190,1979,5,89,19831984,N,772,219,270,489
Pat Graham,L,L,1961-05-25,Toronto,ON,CAN,CAN,73,190,1980,6,114,19811982,N,103,11,17,28
Tony Granato,R,R,1964-07-25,Downers Grove,IL,USA,USA,70,180,1982,6,120,19881989,N,773,248,244,492
Danny Grant,L,L,1946-02-21,Fredericton,NB,CAN,CAN,70,188,--,--,--,19651966,N,562,197,210,407
Fern LeBlanc,L,C,1956-01-12,Gaspesie,QC,CAN,CAN,69,170,1976,7,111,19761977,N,34,5,6,11
Dan Gratton,L,C,1966-12-07,Brantford,ON,CAN,CAN,72,185,1985,1,10,19871988,N,7,1,0,1
Rene Leclerc,R,R,1947-11-12,Vanier,QC,CAN,CAN,71,165,1964,4,19,19681969,N,44,8,8,16
Alexei Gusarov,L,D,1964-07-08,Moscow,--,RUS,RUS,74,200,1988,11,213,19901991,N,607,39,128,167
Adam Graves,L,L,1968-04-12,Tecumseh,ON,CAN,CAN,72,205,1986,2,22,19871988,N,"1,152",329,287,616
Hilliard Graves,R,R,1950-10-18,St. John,NB,CAN,CAN,71,175,--,--,--,19701971,N,556,118,163,281
Steve Graves,L,L,1964-04-07,Trenton,ON,CAN,CAN,70,175,1982,2,41,19831984,N,35,5,4,9
Francois Guay,L,C,1968-06-08,Gatineau,QC,CAN,CAN,72,190,1986,8,152,19891990,N,1,0,0,0
Bryan Lefley,L,D,1948-10-18,Grosse Isle,MB,CAN,CAN,72,195,--,--,--,19721973,N,228,7,29,36
Randy Legge,R,D,1945-12-16,Newmarket,ON,CAN,CAN,71,184,--,--,--,19721973,N,12,0,2,2
Henry Lehvonen,L,D,1950-08-26,Sarnia,ON,CAN,CAN,71,200,1970,5,62,19741975,N,4,0,0,0
Bobby Leiter,L,C,1941-03-22,Winnipeg,MB,CAN,CAN,69,175,--,--,--,19621963,N,312,78,98,176
Mark Greig,R,R,1970-01-25,High River,AB,CAN,CAN,71,190,1990,1,15,19901991,N,125,13,27,40
Stu Grimson,L,L,1965-05-20,Kamloops,BC,CAN,CAN,77,239,1985,7,143,19881989,N,729,17,22,39
Stephane Guerard,L,D,1968-04-12,St. Elisabeth,QC,CAN,CAN,74,198,1986,2,41,19871988,N,34,0,0,0
Jeff Greenlaw,L,L,1968-02-28,Toronto,ON,CAN,CAN,73,230,1986,1,19,19861987,N,57,3,6,9
Wayne Groulx,R,C,1965-02-02,Welland,ON,CAN,AUT,73,185,1983,9,172,19841985,N,1,0,0,0
Randy Gregg,L,D,1956-02-19,Edmonton,AB,CAN,CAN,76,215,--,--,--,19821983,N,474,41,152,193
Rick Green,L,D,1956-02-20,Belleville,ON,CAN,CAN,75,220,1976,1,1,19761977,N,845,43,220,263
Ted Green,R,D,1940-03-23,St. Boniface,MB,CAN,CAN,70,200,--,--,--,19601961,N,133,6,53,59
Bruce Greig,L,L,1953-05-09,High River,AB,CAN,CAN,74,220,1973,8,114,19731974,N,9,0,1,1
Ron Greschner,L,D,1954-12-22,Goodsoil,SK,CAN,CAN,74,205,1974,2,32,19741975,N,981,179,431,610
Richard Grenier,L,C,1952-09-18,Montréal,QC,CAN,AUT,71,170,1972,5,65,19721973,N,10,1,1,2
Bobby Guindon,L,C,1950-11-19,Labelle,QC,CAN,CAN,69,175,1970,2,26,19791980,N,6,0,1,1
Jocelyn Guevremont,R,D,1951-03-01,Montréal,QC,CAN,CAN,74,200,1971,1,3,19711972,N,571,84,223,307
Bengt-Ake Gustafsson,L,L,1958-03-23,Karlskoga,--,SWE,SWE,72,190,1978,4,55,19791980,N,629,195,359,554
Kenneth Gruhl,L,L,1959-09-13,Port Colborne,ON,CAN,CAN,71,185,--,--,--,19811982,N,20,3,3,6
Peter Gustavsson,L,L,1958-03-30,Bollebygd,--,SWE,SWE,73,188,--,--,--,19811982,N,2,0,0,0
Paul Guay,R,R,1963-09-02,Providence,RI,USA,USA,71,185,1981,6,118,19831984,N,117,11,23,34
Jari Gronstrand,L,D,1962-11-14,Tampere,--,FIN,FIN,75,195,1986,5,96,19861987,N,185,8,26,34
Kevan Guy,R,D,1965-07-16,Edmonton,AB,CAN,CAN,75,202,1983,4,71,19861987,N,156,5,20,25
Ari Haanpaa,R,R,1965-11-28,Nokia,--,FIN,FIN,73,185,1984,4,83,19851986,N,60,6,11,17
Len Hachborn,L,C,1961-09-04,Brantford,ON,CAN,CAN,70,175,1981,9,184,19831984,N,102,20,39,59
Marc Habscheid,R,C,1963-03-01,Swift Current,SK,CAN,CAN,72,185,1981,6,113,19811982,N,345,72,91,163
Matti Hagman,L,C,1955-09-21,Helsinki,--,FIN,FIN,73,184,1975,6,104,19761977,N,237,56,89,145
Roger Hagglund,L,D,1961-07-02,Umea,--,SWE,SWE,73,175,1980,7,138,19841985,N,3,0,0,0
Bill Hajt,L,D,1951-11-18,Borden,SK,CAN,CAN,75,215,1971,3,33,19731974,N,854,42,202,244
Richard Hajdu,L,L,1965-04-10,Victoria,BC,CAN,CAN,73,185,1983,2,34,19851986,N,5,0,0,0
David Haas,L,L,1968-07-23,Toronto,ON,CAN,CAN,74,196,1986,5,105,19901991,N,7,2,1,3
Jean Lemieux,R,D,1952-05-31,Noranda,QC,CAN,CAN,73,180,1972,3,34,19731974,N,204,23,63,86
Real Lemieux,L,L,1945-01-03,Victoriaville,QC,CAN,CAN,71,180,--,--,--,19661967,N,234,22,42,64
Bob Halkidis,L,D,1966-03-05,Toronto,ON,CAN,CAN,71,200,1984,4,81,19851986,N,256,8,32,40
Taylor Hall,L,R,1964-02-20,Regina,SK,CAN,CAN,71,180,1982,6,116,19831984,N,41,7,9,16
Rich Lemieux,L,C,1951-04-19,Temiscamingue,QC,CAN,CAN,68,155,1971,3,39,19711972,N,274,39,82,121
Kevin Haller,L,D,1970-12-05,Trochu,AB,CAN,CAN,74,200,1989,1,14,19891990,N,642,41,97,138
Mats Hallin,L,C,1958-03-19,Eskilstuna,--,SWE,SWE,74,200,1978,7,105,19821983,N,152,17,14,31
Doug Halward,L,D,1955-11-01,Toronto,ON,CAN,CAN,73,200,1975,1,14,19751976,N,653,69,224,293
Jean Hamel,L,D,1952-06-26,Asbestos,QC,CAN,CAN,71,195,1972,3,41,19721973,N,699,26,95,121
Gilles Hamel,L,L,1960-03-18,Asbestos,QC,CAN,CAN,75,183,1979,4,74,19801981,N,519,127,147,274
Bob Liddington,L,L,1948-09-15,Calgary,AB,CAN,CAN,72,175,--,--,--,19701971,N,11,0,1,1
Al Hamilton,R,D,1946-08-20,Flin Flon,MB,CAN,CAN,73,195,--,--,--,19651966,N,176,10,73,83
Ken Hammond,L,D,1963-08-22,Port Credit,ON,CAN,CAN,73,190,1983,8,147,19841985,N,193,18,29,47
Jim Hamilton,L,R,1957-01-18,Barrie,ON,CAN,CAN,72,180,1977,2,30,19771978,N,95,14,18,32
Inge Hammarstrom,L,L,1948-01-20,Sundsvall,--,SWE,SWE,72,180,--,--,--,19731974,N,427,116,123,239
Ted Hampson,L,C,1936-12-11,Togo,SK,CAN,CAN,68,173,--,--,--,19591960,N,156,19,40,59
Rick Hampton,L,D,1956-06-14,King,ON,CAN,CAN,72,190,1974,1,3,19741975,N,337,59,113,172
Gord Hampson,L,L,1959-02-13,Vancouver,BC,CAN,CAN,75,210,--,--,--,19821983,N,4,0,0,0
Mark Hamway,R,R,1961-08-09,Detroit,MI,USA,USA,72,190,1980,7,143,19841985,N,53,5,13,18
Ron Handy,L,L,1963-01-15,Toronto,ON,CAN,CAN,71,175,1981,3,57,19841985,N,14,0,3,3
Al Hangsleben,L,L,1953-02-22,Warroad,MN,USA,USA,73,195,1973,4,56,19791980,N,185,21,48,69
Jim Lorentz,L,C,1947-05-01,Waterloo,ON,CAN,CAN,72,190,--,--,--,19681969,N,580,153,219,372
Dave Hannan,L,C,1961-11-26,Sudbury,ON,CAN,CAN,70,180,1981,10,196,19811982,N,841,114,191,305
Bernie Lukowich,R,R,1952-03-18,North Battleford,SK,CAN,CAN,72,190,1972,2,30,19731974,N,79,13,15,28
Len Lunde,R,C,1936-11-13,Campbell River,BC,CAN,CAN,73,194,--,--,--,19581959,N,20,1,3,4
Joe Lundrigan,L,D,1948-09-12,Corner Brook,NL,CAN,CAN,71,180,--,--,--,19721973,N,52,2,8,10
Tord Lundstrom,L,L,1945-03-04,Kiruna,--,SWE,SWE,71,176,--,--,--,19731974,N,11,1,1,2
Jack Lynch,R,D,1952-05-28,Toronto,ON,CAN,CAN,74,180,1972,2,24,19721973,N,382,24,106,130
Steve Lyon,R,D,1952-05-16,Toronto,ON,CAN,CAN,70,169,1972,10,145,19761977,N,3,0,0,0
Lowell MacDonald,R,L,1941-08-30,New Glasgow,NS,CAN,CAN,71,185,--,--,--,19611962,N,328,140,166,306
Kim MacDougall,L,D,1954-08-29,Regina,SK,CAN,CAN,71,180,1974,4,60,19741975,N,1,0,0,0
Bruce MacGregor,R,C,1941-04-26,Edmonton,AB,CAN,CAN,70,180,--,--,--,19601961,N,267,68,89,157
Blair MacKasey,R,D,1955-12-13,Hamilton,ON,CAN,CAN,74,200,1975,4,55,19761977,N,1,0,0,0
Richie Hansen,L,C,1955-10-30,Bronx,NY,USA,USA,70,185,1975,7,119,19761977,N,20,2,8,10
David Hanson,L,D,1954-04-12,Cumberland,WI,USA,USA,72,190,--,--,--,19781979,N,33,1,1,2
Keith Hanson,R,D,1957-04-26,Ada,MN,USA,USA,77,215,1977,9,145,19831984,N,25,0,2,2
Jeff Harding,R,R,1969-04-06,Toronto,ON,CAN,CAN,75,220,1987,2,30,19881989,N,15,0,0,0
Terry Harper,R,D,1940-01-27,Regina,SK,CAN,CAN,73,200,--,--,--,19621963,N,642,24,142,166
Mark Hardy,L,D,1959-02-01,Samedan,--,CHE,CAN,71,195,1979,2,30,19791980,N,915,62,306,368
Scott Harlow,L,L,1963-10-11,East Bridgewater,MA,USA,USA,73,185,1982,3,61,19871988,N,1,0,1,1
Tim Harrer,R,R,1957-05-10,Bloomington,MN,USA,USA,72,185,1977,9,148,19821983,N,3,0,0,0
Billy MacMillan,L,R,1943-03-07,Charlottetown,PE,CAN,CAN,70,185,--,--,--,19701971,N,446,74,77,151
Bernie MacNeil,L,L,1950-03-07,Sudbury,ON,CAN,CAN,71,190,1970,6,82,19731974,N,4,0,0,0
Ralph MacSweyn,R,D,1942-09-08,Hawkesbury,ON,CAN,CAN,71,190,--,--,--,19671968,N,2,0,1,1
Connie Madigan,L,D,1934-10-04,Port Arthur,ON,CAN,CAN,70,185,--,--,--,19721973,N,20,0,3,3
Jim Mair,R,D,1946-05-15,Schumacher,ON,CAN,CAN,69,170,--,--,--,19701971,N,76,4,15,19
Chico Maki,R,R,1939-08-17,Sault Ste. Marie,ON,CAN,CAN,70,170,--,--,--,19611962,N,302,57,111,168
Wayne Maki,L,L,1944-11-10,Sault Ste. Marie,ON,CAN,CAN,72,185,--,--,--,19671968,N,180,50,73,123
Ray Maluta,L,D,1954-07-24,Flin Flon,MB,CAN,CAN,68,173,1974,7,126,19751976,N,25,2,3,5
Ken Mann,R,R,1953-09-05,Hamilton,ON,CAN,CAN,71,200,--,--,--,19751976,N,1,0,0,0
Brian Marchinko,R,C,1948-08-02,Weyburn,SK,CAN,CAN,72,180,--,--,--,19701971,N,47,2,6,8
Gilles Marotte,L,D,1945-06-07,Montréal,QC,CAN,CAN,69,205,--,--,--,19651966,N,477,36,171,207
Donnie Marshall,L,L,1932-03-23,Montréal,QC,CAN,CAN,70,160,--,--,--,19511952,N,112,22,43,65